발주번호,발주일자,공급업체,품목카테고리,수량,단가,금액
P00001,2025-01-01,서울전자유통,용역,35,81000,2835000
P00002,2025-01-01,대한상사,원부자재,29,103800,3010200
P00003,2025-01-01,한빛물류,사무용품,40,93300,3732000
P00004,2025-01-01,서울전자유통,용역,15,82700,1240500
P00005,2025-01-01,한빛물류,사무용품,16,106100,1697600
P00006,2025-01-01,우리텍,사무용품,36,92600,3333600
P00007,2025-01-02,대한상사,소모품,12,111000,1332000
P00008,2025-01-02,대한상사,소모품,1,118100,118100
P00009,2025-01-02,한빛물류,원부자재,19,108200,2055800
P00010,2025-01-03,코스모기술,원부자재,14,116500,1631000
P00011,2025-01-03,대한상사,소모품,35,115600,4046000
P00012,2025-01-03,미래ENG,물류/운송,8,39900,319200
P00013,2025-01-03,대한상사,소모품,9,114800,1033200
P00014,2025-01-03,서울전자유통,용역,8,77300,618400
P00015,2025-01-06,대한상사,소모품,10,112000,1120000
P00016,2025-01-06,한빛물류,원부자재,6,121300,727800
P00017,2025-01-08,대한상사,소모품,10,120200,1202000
P00018,2025-01-08,한빛물류,원부자재,25,103100,2577500
P00019,2025-01-08,한빛물류,원부자재,13,106100,1379300
P00020,2025-01-08,한빛물류,사무용품,48,101100,4852800
P00021,2025-01-08,대한상사,원부자재,45,117200,5274000
P00022,2025-01-09,서울전자유통,용역,18,70900,1276200
P00023,2025-01-09,그린산업,설비,17,95000,1615000
P00024,2025-01-09,한빛물류,사무용품,23,105300,2421900
P00025,2025-01-10,코스모기술,소모품,47,113500,5334500
P00026,2025-01-10,한빛물류,사무용품,1,91400,91400
P00027,2025-01-13,코스모기술,원부자재,23,116800,2686400
P00028,2025-01-14,대한상사,소모품,15,120900,1813500
P00029,2025-01-14,한빛물류,원부자재,8,109100,872800
P00030,2025-01-14,한빛물류,사무용품,28,98100,2746800
P00031,2025-01-14,다우설비,소모품,33,103300,3408900
P00032,2025-01-15,대한상사,소모품,11,120600,1326600
P00033,2025-01-15,미래ENG,물류/운송,38,41500,1577000
P00034,2025-01-15,대한상사,원부자재,22,117600,2587200
P00035,2025-01-16,한빛물류,사무용품,36,99200,3571200
P00036,2025-01-16,서울전자유통,사무용품,3,91600,274800
P00037,2025-01-16,그린산업,원부자재,12,120800,1449600
P00038,2025-01-16,우리텍,사무용품,31,101100,3134100
P00039,2025-01-17,대한상사,원부자재,25,105700,2642500
P00040,2025-01-17,대한상사,원부자재,12,115400,1384800
P00041,2025-01-17,서울전자유통,용역,13,79400,1032200
P00042,2025-01-20,코스모기술,원부자재,40,109900,4396000
P00043,2025-01-21,대한상사,소모품,44,113200,4980800
P00044,2025-01-21,서울전자유통,용역,37,79600,2945200
P00045,2025-01-21,서울전자유통,용역,45,73300,3298500
P00046,2025-01-22,대한상사,소모품,4,117600,470400
P00047,2025-01-23,대한상사,소모품,12,111600,1339200
P00048,2025-01-23,코스모기술,소모품,16,122600,1961600
P00049,2025-01-23,대한상사,소모품,44,118400,5209600
P00050,2025-01-23,다우설비,소모품,15,124600,1869000
P00051,2025-01-24,대한상사,원부자재,9,115400,1038600
P00052,2025-01-24,대한상사,원부자재,7,104800,733600
P00053,2025-01-24,대한상사,원부자재,36,118500,4266000
P00054,2025-01-27,미래ENG,물류/운송,23,40400,929200
P00055,2025-01-27,한빛물류,원부자재,5,109000,545000
P00056,2025-01-27,대한상사,소모품,43,111200,4781600
P00057,2025-01-27,다우설비,소모품,24,104600,2510400
P00058,2025-01-28,서울전자유통,사무용품,29,103300,2995700
P00059,2025-01-28,서울전자유통,용역,41,78600,3222600
P00060,2025-01-28,그린산업,원부자재,24,103500,2484000
P00061,2025-01-28,한빛물류,원부자재,21,105700,2219700
P00062,2025-01-29,서울전자유통,사무용품,47,104200,4897400
P00063,2025-01-30,미래ENG,물류/운송,8,39600,316800
P00064,2025-01-30,한빛물류,사무용품,4,96200,384800
P00065,2025-01-30,한빛물류,원부자재,37,104500,3866500
P00066,2025-01-31,그린산업,원부자재,40,107300,4292000
P00067,2025-01-31,한빛물류,사무용품,45,95300,4288500
P00068,2025-01-31,미래ENG,물류/운송,39,41500,1618500
P00069,2025-01-31,코스모기술,소모품,12,120200,1442400
P00070,2025-02-03,다우설비,소모품,21,102900,2160900
P00071,2025-02-03,서울전자유통,용역,7,70600,494200
P00072,2025-02-03,대한상사,소모품,44,103300,4545200
P00073,2025-02-03,한빛물류,원부자재,3,104800,314400
P00074,2025-02-03,대한상사,소모품,23,111100,2555300
P00075,2025-02-03,코스모기술,소모품,36,117400,4226400
P00076,2025-02-04,대한상사,소모품,8,122700,981600
P00077,2025-02-04,서울전자유통,용역,22,70900,1559800
P00078,2025-02-04,미래ENG,물류/운송,20,42100,842000
P00079,2025-02-05,대한상사,소모품,22,103600,2279200
P00080,2025-02-05,미래ENG,물류/운송,48,40400,1939200
P00081,2025-02-05,미래ENG,물류/운송,45,37100,1669500
P00082,2025-02-05,대한상사,원부자재,42,100600,4225200
P00083,2025-02-05,우리텍,사무용품,46,108000,4968000
P00084,2025-02-05,다우설비,소모품,49,109900,5385100
P00085,2025-02-05,코스모기술,원부자재,45,107500,4837500
P00086,2025-02-06,서울전자유통,사무용품,43,93700,4029100
P00087,2025-02-06,한빛물류,원부자재,16,119000,1904000
P00088,2025-02-06,대한상사,원부자재,11,101400,1115400
P00089,2025-02-07,서울전자유통,사무용품,38,98900,3758200
P00090,2025-02-07,대한상사,소모품,35,122400,4284000
P00091,2025-02-07,그린산업,설비,29,98100,2844900
P00092,2025-02-10,우리텍,사무용품,41,97800,4009800
P00093,2025-02-10,한빛물류,사무용품,4,95200,380800
P00094,2025-02-11,그린산업,원부자재,12,120200,1442400
P00095,2025-02-12,한빛물류,사무용품,25,95900,2397500
P00096,2025-02-12,서울전자유통,용역,5,81600,408000
P00097,2025-02-13,코스모기술,원부자재,12,102100,1225200
P00098,2025-02-13,그린산업,설비,38,97800,3716400
P00099,2025-02-13,대한상사,소모품,8,112800,902400
P00100,2025-02-14,코스모기술,소모품,45,112800,5076000
P00101,2025-02-14,청년기업협동조합,사무용품,47,97200,4568400
P00102,2025-02-14,청년기업협동조합,사무용품,21,107000,2247000
P00103,2025-02-14,그린산업,원부자재,31,116200,3602200
P00104,2025-02-14,대한상사,소모품,23,118700,2730100
P00105,2025-02-14,센트럴시스템즈,IT장비,38,67500,2565000
P00106,2025-02-14,서울전자유통,용역,17,76400,1298800
P00107,2025-02-17,한빛물류,사무용품,41,92100,3776100
P00108,2025-02-18,대한상사,소모품,15,107500,1612500
P00109,2025-02-18,센트럴시스템즈,IT장비,25,70700,1767500
P00110,2025-02-18,서울전자유통,사무용품,6,93900,563400
P00111,2025-02-19,한빛물류,사무용품,35,99700,3489500
P00112,2025-02-19,대한상사,원부자재,6,115000,690000
P00113,2025-02-19,코스모기술,소모품,9,120600,1085400
P00114,2025-02-19,한빛물류,원부자재,44,104200,4584800
P00115,2025-02-20,미래ENG,물류/운송,3,39800,119400
P00116,2025-02-20,우리텍,사무용품,6,102700,616200
P00117,2025-02-20,한빛물류,원부자재,41,120200,4928200
P00118,2025-02-20,코스모기술,원부자재,18,113300,2039400
P00119,2025-02-20,대한상사,원부자재,40,101200,4048000
P00120,2025-02-20,그린산업,원부자재,34,115300,3920200
P00121,2025-02-21,대한상사,소모품,3,104100,312300
P00122,2025-02-21,그린산업,설비,26,95800,2490800
P00123,2025-02-21,미래ENG,물류/운송,31,38500,1193500
P00124,2025-02-21,한빛물류,사무용품,29,97700,2833300
P00125,2025-02-24,대한상사,소모품,33,109600,3616800
P00126,2025-02-24,서울전자유통,사무용품,4,93800,375200
P00127,2025-02-24,우리텍,사무용품,32,93500,2992000
P00128,2025-02-25,대한상사,원부자재,5,119800,599000
P00129,2025-02-25,대한상사,원부자재,25,102900,2572500
P00130,2025-02-26,서울전자유통,사무용품,12,101200,1214400
P00131,2025-02-26,미래ENG,물류/운송,46,37900,1743400
P00132,2025-02-26,센트럴시스템즈,IT장비,41,63700,2611700
P00133,2025-02-26,대한상사,소모품,2,115000,230000
P00134,2025-02-27,한빛물류,원부자재,48,108500,5208000
P00135,2025-02-27,코스모기술,소모품,22,116600,2565200
P00136,2025-02-28,한빛물류,원부자재,2,121200,242400
P00137,2025-02-28,서울전자유통,사무용품,28,91400,2559200
P00138,2025-02-28,서울전자유통,사무용품,40,104800,4192000
P00139,2025-02-28,서울전자유통,사무용품,47,108600,5104200
P00140,2025-02-28,그린산업,원부자재,6,116900,701400
P00141,2025-03-03,대한상사,원부자재,32,103000,3296000
P00142,2025-03-03,대한상사,원부자재,11,110800,1218800
P00143,2025-03-03,센트럴시스템즈,설비,47,84300,3962100
P00144,2025-03-03,그린산업,설비,11,94000,1034000
P00145,2025-03-03,그린산업,설비,20,93600,1872000
P00146,2025-03-03,대한상사,소모품,48,119900,5755200
P00147,2025-03-04,그린산업,원부자재,49,105400,5164600
P00148,2025-03-04,서울전자유통,용역,10,77900,779000
P00149,2025-03-04,센트럴시스템즈,IT장비,21,69600,1461600
P00150,2025-03-04,한빛물류,원부자재,40,119300,4772000
P00151,2025-03-04,대한상사,원부자재,24,102900,2469600
P00152,2025-03-04,한빛물류,사무용품,48,97900,4699200
P00153,2025-03-05,서울전자유통,용역,29,69200,2006800
P00154,2025-03-06,미래ENG,물류/운송,41,37600,1541600
P00155,2025-03-06,대한상사,원부자재,39,108900,4247100
P00156,2025-03-06,대한상사,원부자재,5,121700,608500
P00157,2025-03-07,그린산업,원부자재,14,109400,1531600
P00158,2025-03-10,우리텍,사무용품,25,102200,2555000
P00159,2025-03-10,그린산업,원부자재,4,104000,416000
P00160,2025-03-10,센트럴시스템즈,설비,36,98400,3542400
P00161,2025-03-10,센트럴시스템즈,IT장비,48,70600,3388800
P00162,2025-03-10,센트럴시스템즈,IT장비,26,68800,1788800
P00163,2025-03-11,그린산업,원부자재,44,114600,5042400
P00164,2025-03-11,청년기업협동조합,사무용품,4,97600,390400
P00165,2025-03-11,서울전자유통,용역,45,69900,3145500
P00166,2025-03-11,대한상사,원부자재,12,118300,1419600
P00167,2025-03-11,센트럴시스템즈,설비,43,97300,4183900
P00168,2025-03-11,서울전자유통,용역,31,74600,2312600
P00169,2025-03-11,대한상사,원부자재,29,108500,3146500
P00170,2025-03-12,다우설비,소모품,45,112000,5040000
P00171,2025-03-12,대한상사,원부자재,47,114600,5386200
P00172,2025-03-12,센트럴시스템즈,설비,29,98200,2847800
P00173,2025-03-13,코스모기술,소모품,27,104200,2813400
P00174,2025-03-13,코스모기술,소모품,41,105900,4341900
P00175,2025-03-13,그린산업,원부자재,14,116300,1628200
P00176,2025-03-14,대한상사,원부자재,29,101100,2931900
P00177,2025-03-14,서울전자유통,용역,15,70200,1053000
P00178,2025-03-14,서울전자유통,사무용품,33,100000,3300000
P00179,2025-03-14,미래ENG,물류/운송,49,40000,1960000
P00180,2025-03-14,미래ENG,물류/운송,47,37300,1753100
P00181,2025-03-14,우리텍,사무용품,34,91300,3104200
P00182,2025-03-17,코스모기술,소모품,9,105700,951300
P00183,2025-03-17,센트럴시스템즈,설비,28,83600,2340800
P00184,2025-03-17,한빛물류,사무용품,26,102700,2670200
P00185,2025-03-17,코스모기술,원부자재,37,118500,4384500
P00186,2025-03-17,한빛물류,원부자재,24,117400,2817600
P00187,2025-03-18,미래ENG,물류/운송,21,39200,823200
P00188,2025-03-18,그린산업,원부자재,13,113000,1469000
P00189,2025-03-18,대한상사,소모품,23,112000,2576000
P00190,2025-03-18,미래ENG,물류/운송,13,37900,492700
P00191,2025-03-19,대한상사,원부자재,40,100900,4036000
P00192,2025-03-19,대한상사,소모품,5,105900,529500
P00193,2025-03-20,대한상사,소모품,5,119100,595500
P00194,2025-03-20,대한상사,소모품,39,119900,4676100
P00195,2025-03-20,그린산업,원부자재,9,120200,1081800
P00196,2025-03-20,미래ENG,물류/운송,39,42400,1653600
P00197,2025-03-20,서울전자유통,사무용품,1,99200,99200
P00198,2025-03-21,그린산업,원부자재,47,105800,4972600
P00199,2025-03-21,한빛물류,원부자재,5,108500,542500
P00200,2025-03-24,우리텍,사무용품,5,94600,473000
P00201,2025-03-24,대한상사,원부자재,21,111900,2349900
P00202,2025-03-24,대한상사,원부자재,33,113900,3758700
P00203,2025-03-25,다우설비,소모품,49,107400,5262600
P00204,2025-03-26,한빛물류,원부자재,22,107500,2365000
P00205,2025-03-26,코스모기술,원부자재,9,109200,982800
P00206,2025-03-26,대한상사,소모품,19,122600,2329400
P00207,2025-03-26,서울전자유통,사무용품,38,102900,3910200
P00208,2025-03-26,대한상사,소모품,14,116000,1624000
P00209,2025-03-27,한빛물류,원부자재,33,110000,3630000
P00210,2025-03-28,대한상사,원부자재,48,108900,5227200
P00211,2025-03-28,대한상사,소모품,9,124400,1119600
P00212,2025-03-31,서울전자유통,용역,26,75000,1950000
P00213,2025-03-31,대한상사,원부자재,15,106500,1597500
P00214,2025-04-01,서울전자유통,용역,47,80900,3802300
P00215,2025-04-01,우리텍,사무용품,3,106000,318000
P00216,2025-04-01,서울전자유통,용역,36,70700,2545200
P00217,2025-04-02,센트럴시스템즈,IT장비,4,72700,290800
P00218,2025-04-02,대한상사,원부자재,26,119800,3114800
P00219,2025-04-02,대한상사,소모품,38,124400,4727200
P00220,2025-04-02,코스모기술,소모품,8,111700,893600
P00221,2025-04-02,대한상사,소모품,11,103000,1133000
P00222,2025-04-02,코스모기술,소모품,37,117200,4336400
P00223,2025-04-03,코스모기술,소모품,30,108600,3258000
P00224,2025-04-03,한빛물류,원부자재,3,105400,316200
P00225,2025-04-03,대한상사,원부자재,14,102300,1432200
P00226,2025-04-03,대한상사,원부자재,2,101200,202400
P00227,2025-04-03,센트럴시스템즈,IT장비,36,66200,2383200
P00228,2025-04-07,대한상사,소모품,30,108100,3243000
P00229,2025-04-07,우리텍,사무용품,28,94700,2651600
P00230,2025-04-07,미래ENG,물류/운송,5,38300,191500
P00231,2025-04-08,그린산업,설비,14,83900,1174600
P00232,2025-04-08,대한상사,원부자재,12,119500,1434000
P00233,2025-04-08,한빛물류,사무용품,27,93100,2513700
P00234,2025-04-08,대한상사,원부자재,22,118100,2598200
P00235,2025-04-09,대한상사,소모품,47,123100,5785700
P00236,2025-04-10,다우설비,소모품,32,119000,3808000
P00237,2025-04-10,대한상사,원부자재,36,104200,3751200
P00238,2025-04-10,코스모기술,소모품,6,115800,694800
P00239,2025-04-11,코스모기술,소모품,39,107000,4173000
P00240,2025-04-14,코스모기술,원부자재,32,112500,3600000
P00241,2025-04-14,다우설비,소모품,46,102500,4715000
P00242,2025-04-15,청년기업협동조합,사무용품,9,92500,832500
P00243,2025-04-16,한빛물류,원부자재,11,105600,1161600
P00244,2025-04-17,미래ENG,물류/운송,19,36900,701100
P00245,2025-04-17,대한상사,원부자재,17,104900,1783300
P00246,2025-04-17,코스모기술,소모품,7,104000,728000
P00247,2025-04-17,서울전자유통,사무용품,12,108000,1296000
P00248,2025-04-18,그린산업,원부자재,22,120900,2659800
P00249,2025-04-18,우리텍,사무용품,7,89100,623700
P00250,2025-04-21,한빛물류,원부자재,3,107700,323100
P00251,2025-04-21,한빛물류,원부자재,2,111300,222600
P00252,2025-04-22,센트럴시스템즈,설비,4,98200,392800
P00253,2025-04-22,센트럴시스템즈,설비,13,94900,1233700
P00254,2025-04-22,대한상사,소모품,29,107600,3120400
P00255,2025-04-22,미래ENG,물류/운송,40,38100,1524000
P00256,2025-04-23,그린산업,원부자재,45,102800,4626000
P00257,2025-04-23,대한상사,원부자재,22,115500,2541000
P00258,2025-04-23,미래ENG,물류/운송,7,42500,297500
P00259,2025-04-23,대한상사,소모품,27,123700,3339900
P00260,2025-04-24,코스모기술,원부자재,15,112800,1692000
P00261,2025-04-24,한빛물류,원부자재,33,116000,3828000
P00262,2025-04-24,대한상사,소모품,28,104600,2928800
P00263,2025-04-25,미래ENG,물류/운송,32,40800,1305600
P00264,2025-04-25,그린산업,설비,32,94600,3027200
P00265,2025-04-25,다우설비,소모품,32,116300,3721600
P00266,2025-04-25,센트럴시스템즈,설비,45,93800,4221000
P00267,2025-04-25,대한상사,원부자재,37,113600,4203200
P00268,2025-04-25,그린산업,설비,35,81100,2838500
P00269,2025-04-28,서울전자유통,용역,48,75800,3638400
P00270,2025-04-28,한빛물류,원부자재,24,102900,2469600
P00271,2025-04-28,대한상사,소모품,17,114100,1939700
P00272,2025-04-29,코스모기술,소모품,29,118700,3442300
P00273,2025-04-29,대한상사,소모품,21,106500,2236500
P00274,2025-04-29,센트럴시스템즈,IT장비,29,67400,1954600
P00275,2025-04-30,서울전자유통,용역,15,69800,1047000
P00276,2025-04-30,그린산업,설비,21,93400,1961400
P00277,2025-05-01,그린산업,설비,19,84000,1596000
P00278,2025-05-01,코스모기술,소모품,26,111700,2904200
P00279,2025-05-02,코스모기술,원부자재,28,121600,3404800
P00280,2025-05-02,한빛물류,원부자재,28,105400,2951200
P00281,2025-05-02,한빛물류,원부자재,48,103600,4972800
P00282,2025-05-05,한빛물류,사무용품,17,97600,1659200
P00283,2025-05-05,그린산업,설비,39,85300,3326700
P00284,2025-05-06,대한상사,소모품,10,115500,1155000
P00285,2025-05-06,서울전자유통,사무용품,32,97300,3113600
P00286,2025-05-06,한빛물류,사무용품,14,102300,1432200
P00287,2025-05-07,한빛물류,사무용품,22,103100,2268200
P00288,2025-05-07,다우설비,소모품,34,117300,3988200
P00289,2025-05-07,대한상사,소모품,15,113700,1705500
P00290,2025-05-08,다우설비,소모품,1,109000,109000
P00291,2025-05-08,그린산업,원부자재,14,120500,1687000
P00292,2025-05-08,대한상사,원부자재,12,116100,1393200
P00293,2025-05-08,한빛물류,원부자재,18,107400,1933200
P00294,2025-05-09,한빛물류,원부자재,8,115300,922400
P00295,2025-05-12,한빛물류,원부자재,38,101200,3845600
P00296,2025-05-12,다우설비,소모품,3,106400,319200
P00297,2025-05-13,대한상사,소모품,47,115100,5409700
P00298,2025-05-13,대한상사,소모품,6,103600,621600
P00299,2025-05-14,서울전자유통,용역,41,75400,3091400
P00300,2025-05-14,미래ENG,물류/운송,31,37800,1171800
P00301,2025-05-15,그린산업,설비,47,90300,4244100
P00302,2025-05-15,센트럴시스템즈,설비,19,92500,1757500
P00303,2025-05-16,대한상사,원부자재,38,108700,4130600
P00304,2025-05-19,한빛물류,사무용품,1,90300,90300
P00305,2025-05-19,한빛물류,사무용품,37,103400,3825800
P00306,2025-05-19,다우설비,소모품,7,103400,723800
P00307,2025-05-20,대한상사,원부자재,36,105900,3812400
P00308,2025-05-20,코스모기술,원부자재,4,116200,464800
P00309,2025-05-20,코스모기술,소모품,21,112300,2358300
P00310,2025-05-21,대한상사,소모품,15,106000,1590000
P00311,2025-05-21,대한상사,소모품,43,110300,4742900
P00312,2025-05-21,한빛물류,사무용품,32,92800,2969600
P00313,2025-05-22,대한상사,소모품,48,122800,5894400
P00314,2025-05-22,코스모기술,소모품,21,109400,2297400
P00315,2025-05-22,한빛물류,원부자재,8,115600,924800
P00316,2025-05-23,미래ENG,물류/운송,24,43200,1036800
P00317,2025-05-26,서울전자유통,사무용품,30,107100,3213000
P00318,2025-05-26,한빛물류,사무용품,21,92900,1950900
P00319,2025-05-27,대한상사,원부자재,48,115200,5529600
P00320,2025-05-27,한빛물류,사무용품,13,100200,1302600
P00321,2025-05-27,우리텍,사무용품,10,106300,1063000
P00322,2025-05-27,대한상사,소모품,22,111500,2453000
P00323,2025-05-28,대한상사,소모품,19,107400,2040600
P00324,2025-05-28,대한상사,소모품,36,109600,3945600
P00325,2025-05-28,한빛물류,사무용품,29,97200,2818800
P00326,2025-05-28,서울전자유통,용역,37,74800,2767600
P00327,2025-05-28,그린산업,설비,27,97100,2621700
P00328,2025-05-29,다우설비,소모품,14,110200,1542800
P00329,2025-05-29,코스모기술,원부자재,22,113500,2497000
P00330,2025-05-30,그린산업,원부자재,11,113000,1243000
P00331,2025-06-02,그린산업,설비,39,81600,3182400
P00332,2025-06-04,한빛물류,사무용품,2,97100,194200
P00333,2025-06-04,대한상사,소모품,37,121300,4488100
P00334,2025-06-04,센트럴시스템즈,IT장비,6,74100,444600
P00335,2025-06-04,대한상사,소모품,46,105200,4839200
P00336,2025-06-04,대한상사,소모품,26,104400,2714400
P00337,2025-06-05,대한상사,소모품,19,116600,2215400
P00338,2025-06-05,대한상사,소모품,49,106100,5198900
P00339,2025-06-05,다우설비,소모품,41,104200,4272200
P00340,2025-06-05,대한상사,소모품,9,124700,1122300
P00341,2025-06-06,한빛물류,원부자재,12,121300,1455600
P00342,2025-06-06,미래ENG,물류/운송,44,38400,1689600
P00343,2025-06-06,미래ENG,물류/운송,28,40100,1122800
P00344,2025-06-09,센트럴시스템즈,IT장비,25,73900,1847500
P00345,2025-06-09,대한상사,원부자재,3,114400,343200
P00346,2025-06-09,한빛물류,사무용품,33,93900,3098700
P00347,2025-06-10,서울전자유통,사무용품,36,103300,3718800
P00348,2025-06-10,대한상사,소모품,4,117200,468800
P00349,2025-06-13,다우설비,소모품,17,102900,1749300
P00350,2025-06-13,한빛물류,원부자재,18,101900,1834200
P00351,2025-06-13,대한상사,소모품,45,119200,5364000
P00352,2025-06-13,다우설비,소모품,29,116000,3364000
P00353,2025-06-13,대한상사,원부자재,12,121200,1454400
P00354,2025-06-16,서울전자유통,용역,32,81900,2620800
P00355,2025-06-16,대한상사,원부자재,28,118900,3329200
P00356,2025-06-16,코스모기술,소모품,20,111700,2234000
P00357,2025-06-16,한빛물류,사무용품,21,104400,2192400
P00358,2025-06-16,대한상사,소모품,23,102800,2364400
P00359,2025-06-17,대한상사,소모품,28,115100,3222800
P00360,2025-06-17,서울전자유통,사무용품,46,97500,4485000
P00361,2025-06-17,대한상사,소모품,20,107400,2148000
P00362,2025-06-17,그린산업,원부자재,39,110200,4297800
P00363,2025-06-18,미래ENG,물류/운송,33,42300,1395900
P00364,2025-06-18,대한상사,원부자재,43,107700,4631100
P00365,2025-06-19,서울전자유통,사무용품,29,101000,2929000
P00366,2025-06-19,대한상사,소모품,4,112400,449600
P00367,2025-06-19,대한상사,소모품,33,117800,3887400
P00368,2025-06-19,센트럴시스템즈,IT장비,48,63600,3052800
P00369,2025-06-20,그린산업,원부자재,13,105200,1367600
P00370,2025-06-20,청년기업협동조합,사무용품,44,101500,4466000
P00371,2025-06-20,미래ENG,물류/운송,1,43100,43100
P00372,2025-06-23,미래ENG,물류/운송,29,43300,1255700
P00373,2025-06-23,한빛물류,원부자재,26,114200,2969200
P00374,2025-06-23,서울전자유통,사무용품,45,107000,4815000
P00375,2025-06-24,코스모기술,원부자재,29,104700,3036300
P00376,2025-06-24,한빛물류,원부자재,14,112700,1577800
P00377,2025-06-24,한빛물류,사무용품,16,89100,1425600
P00378,2025-06-24,대한상사,원부자재,5,113600,568000
P00379,2025-06-25,한빛물류,사무용품,35,108400,3794000
P00380,2025-06-25,한빛물류,원부자재,23,114700,2638100
P00381,2025-06-26,다우설비,소모품,1,114300,114300
P00382,2025-06-26,서울전자유통,사무용품,14,104600,1464400
P00383,2025-06-26,그린산업,설비,24,83600,2006400
P00384,2025-06-26,한빛물류,사무용품,35,103700,3629500
P00385,2025-06-27,대한상사,원부자재,28,114800,3214400
P00386,2025-06-27,한빛물류,원부자재,45,113100,5089500
P00387,2025-06-30,한빛물류,사무용품,38,92400,3511200
P00388,2025-06-30,대한상사,원부자재,22,115200,2534400
P00389,2025-07-01,대한상사,원부자재,28,111000,3108000
P00390,2025-07-02,대한상사,소모품,47,111100,5221700
P00391,2025-07-03,서울전자유통,용역,27,74900,2022300
P00392,2025-07-03,대한상사,원부자재,8,119800,958400
P00393,2025-07-03,대한상사,소모품,20,109300,2186000
P00394,2025-07-03,센트럴시스템즈,IT장비,17,63800,1084600
P00395,2025-07-03,대한상사,소모품,49,107500,5267500
P00396,2025-07-03,미래ENG,물류/운송,43,36500,1569500
P00397,2025-07-04,대한상사,원부자재,43,110100,4734300
P00398,2025-07-07,대한상사,원부자재,46,102600,4719600
P00399,2025-07-07,코스모기술,소모품,38,104500,3971000
P00400,2025-07-07,그린산업,설비,30,81100,2433000
P00401,2025-07-07,그린산업,원부자재,21,120500,2530500
P00402,2025-07-07,대한상사,원부자재,3,115300,345900
P00403,2025-07-08,다우설비,소모품,37,104200,3855400
P00404,2025-07-09,그린산업,원부자재,14,116500,1631000
P00405,2025-07-09,대한상사,원부자재,34,111100,3777400
P00406,2025-07-09,센트럴시스템즈,IT장비,21,71600,1503600
P00407,2025-07-10,센트럴시스템즈,설비,37,91000,3367000
P00408,2025-07-10,미래ENG,물류/운송,23,37600,864800
P00409,2025-07-11,한빛물류,사무용품,10,93500,935000
P00410,2025-07-11,청년기업협동조합,사무용품,27,107400,2899800
P00411,2025-07-11,대한상사,소모품,6,108500,651000
P00412,2025-07-11,그린산업,설비,3,81400,244200
P00413,2025-07-14,대한상사,원부자재,20,106500,2130000
P00414,2025-07-14,청년기업협동조합,사무용품,18,106000,1908000
P00415,2025-07-15,서울전자유통,용역,37,74600,2760200
P00416,2025-07-15,그린산업,설비,10,86000,860000
P00417,2025-07-15,한빛물류,사무용품,46,96500,4439000
P00418,2025-07-16,미래ENG,물류/운송,35,38300,1340500
P00419,2025-07-16,대한상사,원부자재,13,106500,1384500
P00420,2025-07-16,미래ENG,물류/운송,35,43100,1508500
P00421,2025-07-16,그린산업,설비,33,82100,2709300
P00422,2025-07-16,코스모기술,소모품,45,121400,5463000
P00423,2025-07-16,우리텍,사무용품,29,98000,2842000
P00424,2025-07-16,한빛물류,사무용품,25,98700,2467500
P00425,2025-07-17,서울전자유통,사무용품,15,108400,1626000
P00426,2025-07-17,그린산업,원부자재,33,113800,3755400
P00427,2025-07-18,센트럴시스템즈,IT장비,33,61500,2029500
P00428,2025-07-18,한빛물류,원부자재,17,113900,1936300
P00429,2025-07-21,한빛물류,원부자재,29,101100,2931900
P00430,2025-07-21,그린산업,원부자재,21,107200,2251200
P00431,2025-07-21,다우설비,소모품,17,105300,1790100
P00432,2025-07-22,대한상사,원부자재,33,105400,3478200
P00433,2025-07-22,한빛물류,사무용품,11,89300,982300
P00434,2025-07-22,서울전자유통,사무용품,43,102800,4420400
P00435,2025-07-22,한빛물류,원부자재,3,103900,311700
P00436,2025-07-22,코스모기술,원부자재,35,107000,3745000
P00437,2025-07-22,한빛물류,사무용품,42,103900,4363800
P00438,2025-07-22,청년기업협동조합,사무용품,41,92200,3780200
P00439,2025-07-23,대한상사,원부자재,29,119600,3468400
P00440,2025-07-23,한빛물류,원부자재,10,102500,1025000
P00441,2025-07-23,한빛물류,원부자재,48,119700,5745600
P00442,2025-07-24,대한상사,소모품,6,122400,734400
P00443,2025-07-24,대한상사,원부자재,9,118800,1069200
P00444,2025-07-25,대한상사,소모품,32,121300,3881600
P00445,2025-07-25,그린산업,원부자재,38,101600,3860800
P00446,2025-07-25,대한상사,원부자재,27,103200,2786400
P00447,2025-07-25,한빛물류,사무용품,20,100100,2002000
P00448,2025-07-28,한빛물류,사무용품,5,98000,490000
P00449,2025-07-28,대한상사,소모품,21,122300,2568300
P00450,2025-07-28,한빛물류,원부자재,43,110900,4768700
P00451,2025-07-28,다우설비,소모품,26,107900,2805400
P00452,2025-07-28,대한상사,원부자재,26,109300,2841800
P00453,2025-07-29,센트럴시스템즈,설비,15,90700,1360500
P00454,2025-07-29,그린산업,설비,13,93300,1212900
P00455,2025-07-29,대한상사,원부자재,7,105300,737100
P00456,2025-07-29,대한상사,원부자재,36,104500,3762000
P00457,2025-07-30,대한상사,소모품,6,117100,702600
P00458,2025-07-30,대한상사,원부자재,42,106400,4468800
P00459,2025-07-30,대한상사,소모품,26,111700,2904200
P00460,2025-07-30,한빛물류,사무용품,14,102800,1439200
P00461,2025-07-30,대한상사,원부자재,24,109200,2620800
P00462,2025-07-30,한빛물류,사무용품,15,104200,1563000
P00463,2025-07-31,대한상사,소모품,9,124000,1116000
P00464,2025-07-31,대한상사,소모품,19,113100,2148900
P00465,2025-07-31,서울전자유통,용역,36,72100,2595600
P00466,2025-08-01,한빛물류,원부자재,12,103500,1242000
P00467,2025-08-01,대한상사,소모품,39,104700,4083300
P00468,2025-08-01,대한상사,원부자재,14,107700,1507800
P00469,2025-08-01,대한상사,소모품,18,116200,2091600
P00470,2025-08-04,한빛물류,원부자재,47,116300,5466100
P00471,2025-08-04,우리텍,사무용품,24,89700,2152800
P00472,2025-08-04,한빛물류,원부자재,10,105900,1059000
P00473,2025-08-05,코스모기술,소모품,44,107800,4743200
P00474,2025-08-05,한빛물류,원부자재,21,101600,2133600
P00475,2025-08-05,대한상사,원부자재,4,118500,474000
P00476,2025-08-06,대한상사,원부자재,5,114200,571000
P00477,2025-08-06,서울전자유통,사무용품,34,101600,3454400
P00478,2025-08-07,그린산업,원부자재,48,111700,5361600
P00479,2025-08-07,한빛물류,사무용품,45,92900,4180500
P00480,2025-08-07,다우설비,소모품,5,115300,576500
P00481,2025-08-07,그린산업,원부자재,10,112500,1125000
P00482,2025-08-08,대한상사,원부자재,37,115800,4284600
P00483,2025-08-11,그린산업,설비,45,80800,3636000
P00484,2025-08-12,대한상사,원부자재,42,113600,4771200
P00485,2025-08-12,대한상사,소모품,19,106700,2027300
P00486,2025-08-12,대한상사,소모품,20,102300,2046000
P00487,2025-08-13,그린산업,원부자재,48,116800,5606400
P00488,2025-08-13,코스모기술,원부자재,40,104200,4168000
P00489,2025-08-14,다우설비,소모품,36,103200,3715200
P00490,2025-08-14,다우설비,소모품,39,119800,4672200
P00491,2025-08-14,다우설비,소모품,40,116600,4664000
P00492,2025-08-15,다우설비,소모품,35,104800,3668000
P00493,2025-08-15,대한상사,소모품,2,108800,217600
P00494,2025-08-15,대한상사,원부자재,11,120900,1329900
P00495,2025-08-18,센트럴시스템즈,IT장비,17,69300,1178100
P00496,2025-08-18,한빛물류,원부자재,7,106100,742700
P00497,2025-08-19,한빛물류,원부자재,44,116500,5126000
P00498,2025-08-20,코스모기술,소모품,44,115900,5099600
P00499,2025-08-20,한빛물류,원부자재,17,103900,1766300
P00500,2025-08-20,서울전자유통,용역,23,82300,1892900
P00501,2025-08-20,한빛물류,사무용품,43,102700,4416100
P00502,2025-08-21,그린산업,설비,40,84100,3364000
P00503,2025-08-21,코스모기술,원부자재,2,119600,239200
P00504,2025-08-21,코스모기술,원부자재,28,117800,3298400
P00505,2025-08-21,대한상사,원부자재,27,106100,2864700
P00506,2025-08-22,서울전자유통,용역,26,79800,2074800
P00507,2025-08-22,우리텍,사무용품,25,104900,2622500
P00508,2025-08-25,우리텍,사무용품,3,93100,279300
P00509,2025-08-25,대한상사,원부자재,5,116600,583000
P00510,2025-08-25,서울전자유통,사무용품,5,90200,451000
P00511,2025-08-25,코스모기술,소모품,10,113500,1135000
P00512,2025-08-26,청년기업협동조합,사무용품,24,104600,2510400
P00513,2025-08-26,한빛물류,원부자재,34,104200,3542800
P00514,2025-08-27,대한상사,원부자재,7,103200,722400
P00515,2025-08-27,코스모기술,소모품,2,109100,218200
P00516,2025-08-28,대한상사,소모품,7,119000,833000
P00517,2025-08-28,대한상사,원부자재,12,105300,1263600
P00518,2025-08-28,미래ENG,물류/운송,30,38300,1149000
P00519,2025-08-28,그린산업,설비,27,88500,2389500
P00520,2025-08-28,한빛물류,원부자재,42,120600,5065200
P00521,2025-08-28,대한상사,소모품,17,102800,1747600
P00522,2025-08-29,우리텍,사무용품,32,94300,3017600
P00523,2025-08-29,한빛물류,사무용품,8,91400,731200
P00524,2025-08-29,코스모기술,원부자재,15,109100,1636500
P00525,2025-09-01,대한상사,원부자재,11,105600,1161600
P00526,2025-09-01,한빛물류,사무용품,45,100700,4531500
P00527,2025-09-01,대한상사,원부자재,8,108500,868000
P00528,2025-09-01,대한상사,원부자재,44,116500,5126000
P00529,2025-09-04,대한상사,원부자재,48,120200,5769600
P00530,2025-09-04,대한상사,원부자재,43,102400,4403200
P00531,2025-09-05,대한상사,소모품,28,106600,2984800
P00532,2025-09-05,코스모기술,원부자재,34,116900,3974600
P00533,2025-09-05,대한상사,소모품,41,112500,4612500
P00534,2025-09-05,서울전자유통,사무용품,13,95400,1240200
P00535,2025-09-05,코스모기술,소모품,23,124100,2854300
P00536,2025-09-05,그린산업,원부자재,33,117700,3884100
P00537,2025-09-05,한빛물류,원부자재,21,105100,2207100
P00538,2025-09-09,서울전자유통,용역,32,78500,2512000
P00539,2025-09-09,대한상사,소모품,35,112800,3948000
P00540,2025-09-11,한빛물류,원부자재,37,104500,3866500
P00541,2025-09-12,대한상사,원부자재,14,117400,1643600
P00542,2025-09-12,코스모기술,원부자재,5,114700,573500
P00543,2025-09-15,그린산업,설비,8,88200,705600
P00544,2025-09-15,한빛물류,원부자재,34,116600,3964400
P00545,2025-09-16,코스모기술,소모품,9,113700,1023300
P00546,2025-09-16,센트럴시스템즈,IT장비,15,68900,1033500
P00547,2025-09-16,한빛물류,원부자재,15,112000,1680000
P00548,2025-09-17,미래ENG,물류/운송,15,39400,591000
P00549,2025-09-17,다우설비,소모품,12,118300,1419600
P00550,2025-09-17,그린산업,설비,19,82300,1563700
P00551,2025-09-17,대한상사,원부자재,17,121500,2065500
P00552,2025-09-18,서울전자유통,사무용품,21,90300,1896300
P00553,2025-09-19,그린산업,원부자재,41,114000,4674000
P00554,2025-09-22,서울전자유통,용역,33,69400,2290200
P00555,2025-09-22,한빛물류,원부자재,44,114400,5033600
P00556,2025-09-22,대한상사,원부자재,29,101400,2940600
P00557,2025-09-23,대한상사,원부자재,29,106200,3079800
P00558,2025-09-23,서울전자유통,용역,12,74700,896400
P00559,2025-09-23,센트럴시스템즈,설비,40,92500,3700000
P00560,2025-09-23,대한상사,소모품,11,103800,1141800
P00561,2025-09-23,그린산업,설비,2,90800,181600
P00562,2025-09-23,서울전자유통,사무용품,43,99900,4295700
P00563,2025-09-23,미래ENG,물류/운송,18,37200,669600
P00564,2025-09-24,대한상사,소모품,7,118300,828100
P00565,2025-09-24,대한상사,원부자재,9,119500,1075500
P00566,2025-09-26,그린산업,설비,5,95100,475500
P00567,2025-09-26,대한상사,원부자재,13,107900,1402700
P00568,2025-09-26,대한상사,원부자재,15,100600,1509000
P00569,2025-09-29,그린산업,원부자재,25,102800,2570000
P00570,2025-09-29,다우설비,소모품,13,103200,1341600
P00571,2025-09-29,미래ENG,물류/운송,6,36300,217800
P00572,2025-09-29,미래ENG,물류/운송,29,43900,1273100
P00573,2025-09-30,대한상사,소모품,32,115100,3683200
P00574,2025-09-30,센트럴시스템즈,설비,44,96400,4241600
P00575,2025-09-30,대한상사,원부자재,47,116700,5484900
P00576,2025-09-30,그린산업,설비,47,94000,4418000
P00577,2025-09-30,미래ENG,물류/운송,23,43200,993600
P00578,2025-09-30,대한상사,원부자재,8,102300,818400
P00579,2025-09-30,대한상사,소모품,40,122300,4892000
P00580,2025-09-30,서울전자유통,사무용품,36,102900,3704400
P00581,2025-10-01,우리텍,사무용품,14,106700,1493800
P00582,2025-10-01,한빛물류,원부자재,4,109400,437600
P00583,2025-10-01,한빛물류,원부자재,34,102300,3478200
P00584,2025-10-01,다우설비,소모품,15,124400,1866000
P00585,2025-10-01,그린산업,설비,30,87400,2622000
P00586,2025-10-01,서울전자유통,용역,18,73900,1330200
P00587,2025-10-02,한빛물류,원부자재,39,118900,4637100
P00588,2025-10-02,그린산업,원부자재,29,114600,3323400
P00589,2025-10-02,한빛물류,원부자재,12,116800,1401600
P00590,2025-10-03,서울전자유통,용역,29,80800,2343200
P00591,2025-10-03,미래ENG,물류/운송,4,39100,156400
P00592,2025-10-03,대한상사,원부자재,10,119600,1196000
P00593,2025-10-03,대한상사,원부자재,44,103000,4532000
P00594,2025-10-06,그린산업,설비,5,86200,431000
P00595,2025-10-06,대한상사,원부자재,9,108100,972900
P00596,2025-10-06,대한상사,소모품,27,112600,3040200
P00597,2025-10-07,한빛물류,원부자재,37,114800,4247600
P00598,2025-10-07,청년기업협동조합,사무용품,39,108600,4235400
P00599,2025-10-08,대한상사,소모품,39,111800,4360200
P00600,2025-10-09,한빛물류,사무용품,49,93700,4591300
P00601,2025-10-09,서울전자유통,사무용품,41,91300,3743300
P00602,2025-10-09,센트럴시스템즈,설비,1,84200,84200
P00603,2025-10-10,서울전자유통,용역,33,76000,2508000
P00604,2025-10-10,대한상사,소모품,14,114600,1604400
P00605,2025-10-10,서울전자유통,용역,39,73700,2874300
P00606,2025-10-10,다우설비,소모품,38,104200,3959600
P00607,2025-10-10,대한상사,소모품,36,121700,4381200
P00608,2025-10-13,서울전자유통,사무용품,17,104200,1771400
P00609,2025-10-13,우리텍,사무용품,5,100400,502000
P00610,2025-10-13,코스모기술,소모품,5,116900,584500
P00611,2025-10-13,코스모기술,소모품,39,111700,4356300
P00612,2025-10-13,대한상사,원부자재,6,120000,720000
P00613,2025-10-14,대한상사,소모품,38,119900,4556200
P00614,2025-10-15,코스모기술,원부자재,2,121000,242000
P00615,2025-10-15,서울전자유통,용역,42,69900,2935800
P00616,2025-10-15,한빛물류,원부자재,18,101900,1834200
P00617,2025-10-16,우리텍,사무용품,27,92900,2508300
P00618,2025-10-17,서울전자유통,용역,42,82900,3481800
P00619,2025-10-17,대한상사,원부자재,41,108200,4436200
P00620,2025-10-17,그린산업,원부자재,49,106400,5213600
P00621,2025-10-17,우리텍,사무용품,49,98100,4806900
P00622,2025-10-20,미래ENG,물류/운송,48,37000,1776000
P00623,2025-10-20,대한상사,소모품,22,104400,2296800
P00624,2025-10-20,미래ENG,물류/운송,17,41100,698700
P00625,2025-10-20,대한상사,소모품,43,123400,5306200
P00626,2025-10-20,한빛물류,원부자재,39,107700,4200300
P00627,2025-10-21,센트럴시스템즈,IT장비,1,66700,66700
P00628,2025-10-22,서울전자유통,용역,29,80600,2337400
P00629,2025-10-23,코스모기술,소모품,26,124200,3229200
P00630,2025-10-23,청년기업협동조합,사무용품,49,93100,4561900
P00631,2025-10-23,서울전자유통,용역,11,81700,898700
P00632,2025-10-23,코스모기술,원부자재,11,118800,1306800
P00633,2025-10-23,대한상사,소모품,28,106500,2982000
P00634,2025-10-23,미래ENG,물류/운송,5,42600,213000
P00635,2025-10-23,대한상사,원부자재,12,109700,1316400
P00636,2025-10-24,한빛물류,원부자재,44,105100,4624400
P00637,2025-10-24,서울전자유통,용역,33,68700,2267100
P00638,2025-10-24,대한상사,원부자재,4,113100,452400
P00639,2025-10-24,대한상사,소모품,39,121800,4750200
P00640,2025-10-24,한빛물류,사무용품,35,106700,3734500
P00641,2025-10-24,그린산업,설비,23,92300,2122900
P00642,2025-10-27,서울전자유통,용역,42,74100,3112200
P00643,2025-10-27,센트럴시스템즈,설비,40,91600,3664000
P00644,2025-10-27,미래ENG,물류/운송,19,41500,788500
P00645,2025-10-28,센트럴시스템즈,설비,34,89200,3032800
P00646,2025-10-28,대한상사,원부자재,23,111100,2555300
P00647,2025-10-28,대한상사,소모품,45,123600,5562000
P00648,2025-10-28,대한상사,소모품,29,111800,3242200
P00649,2025-10-28,대한상사,원부자재,21,102400,2150400
P00650,2025-10-29,대한상사,소모품,29,121700,3529300
P00651,2025-10-29,한빛물류,원부자재,13,117200,1523600
P00652,2025-10-29,대한상사,원부자재,33,119200,3933600
P00653,2025-10-30,대한상사,원부자재,4,102400,409600
P00654,2025-10-30,한빛물류,사무용품,47,98500,4629500
P00655,2025-10-30,센트럴시스템즈,IT장비,20,74000,1480000
P00656,2025-10-30,대한상사,소모품,14,106900,1496600
P00657,2025-10-31,대한상사,소모품,48,117400,5635200
P00658,2025-10-31,대한상사,소모품,28,119200,3337600
P00659,2025-10-31,서울전자유통,사무용품,1,96300,96300
P00660,2025-10-31,미래ENG,물류/운송,49,36500,1788500
P00661,2025-11-03,다우설비,소모품,15,103900,1558500
P00662,2025-11-03,대한상사,원부자재,22,109900,2417800
P00663,2025-11-03,그린산업,설비,40,84300,3372000
P00664,2025-11-03,코스모기술,원부자재,1,120400,120400
P00665,2025-11-04,한빛물류,사무용품,26,99900,2597400
P00666,2025-11-04,미래ENG,물류/운송,30,39300,1179000
P00667,2025-11-04,그린산업,원부자재,33,111200,3669600
P00668,2025-11-04,대한상사,원부자재,36,121200,4363200
P00669,2025-11-05,서울전자유통,사무용품,46,101700,4678200
P00670,2025-11-06,한빛물류,원부자재,30,105200,3156000
P00671,2025-11-06,대한상사,소모품,48,112300,5390400
P00672,2025-11-06,다우설비,소모품,21,104900,2202900
P00673,2025-11-06,미래ENG,물류/운송,7,43100,301700
P00674,2025-11-06,다우설비,소모품,23,105800,2433400
P00675,2025-11-11,서울전자유통,용역,41,82200,3370200
P00676,2025-11-11,다우설비,소모품,6,104000,624000
P00677,2025-11-11,대한상사,소모품,34,119900,4076600
P00678,2025-11-11,서울전자유통,사무용품,18,94000,1692000
P00679,2025-11-12,미래ENG,물류/운송,14,41500,581000
P00680,2025-11-12,대한상사,소모품,16,108700,1739200
P00681,2025-11-13,대한상사,원부자재,43,118100,5078300
P00682,2025-11-13,청년기업협동조합,사무용품,22,97300,2140600
P00683,2025-11-13,청년기업협동조합,사무용품,40,94300,3772000
P00684,2025-11-13,대한상사,원부자재,15,113700,1705500
P00685,2025-11-14,다우설비,소모품,24,120400,2889600
P00686,2025-11-14,코스모기술,원부자재,31,117800,3651800
P00687,2025-11-14,대한상사,원부자재,16,107300,1716800
P00688,2025-11-17,대한상사,원부자재,25,104800,2620000
P00689,2025-11-17,대한상사,소모품,27,106600,2878200
P00690,2025-11-17,청년기업협동조합,사무용품,48,98100,4708800
P00691,2025-11-17,코스모기술,소모품,15,121800,1827000
P00692,2025-11-17,그린산업,설비,8,97100,776800
P00693,2025-11-18,서울전자유통,용역,27,71800,1938600
P00694,2025-11-18,미래ENG,물류/운송,3,40200,120600
P00695,2025-11-19,대한상사,원부자재,22,113600,2499200
P00696,2025-11-19,센트럴시스템즈,IT장비,21,65300,1371300
P00697,2025-11-20,우리텍,사무용품,20,89900,1798000
P00698,2025-11-20,다우설비,소모품,24,124900,2997600
P00699,2025-11-21,코스모기술,원부자재,1,108800,108800
P00700,2025-11-21,그린산업,원부자재,47,118800,5583600
P00701,2025-11-21,미래ENG,물류/운송,43,39600,1702800
P00702,2025-11-24,한빛물류,사무용품,33,94900,3131700
P00703,2025-11-24,한빛물류,원부자재,47,108100,5080700
P00704,2025-11-24,그린산업,원부자재,12,105800,1269600
P00705,2025-11-25,그린산업,원부자재,37,100600,3722200
P00706,2025-11-25,대한상사,원부자재,23,109500,2518500
P00707,2025-11-25,대한상사,원부자재,19,103100,1958900
P00708,2025-11-25,그린산업,설비,32,85700,2742400
P00709,2025-11-26,청년기업협동조합,사무용품,22,104000,2288000
P00710,2025-11-26,대한상사,원부자재,16,116900,1870400
P00711,2025-11-26,미래ENG,물류/운송,21,39300,825300
P00712,2025-11-26,대한상사,소모품,22,119600,2631200
P00713,2025-11-28,센트럴시스템즈,IT장비,29,70900,2056100
P00714,2025-11-28,대한상사,소모품,12,106600,1279200
P00715,2025-11-28,코스모기술,소모품,30,112200,3366000
P00716,2025-11-28,서울전자유통,용역,13,82500,1072500
P00717,2025-11-28,한빛물류,원부자재,1,99900,99900
P00718,2025-12-01,한빛물류,사무용품,4,105600,422400
P00719,2025-12-02,한빛물류,사무용품,5,98300,491500
P00720,2025-12-02,대한상사,소모품,29,103100,2989900
P00721,2025-12-02,그린산업,원부자재,35,100500,3517500
P00722,2025-12-02,서울전자유통,사무용품,37,93500,3459500
P00723,2025-12-03,코스모기술,원부자재,15,102400,1536000
P00724,2025-12-03,그린산업,설비,31,96500,2991500
P00725,2025-12-03,코스모기술,소모품,17,121600,2067200
P00726,2025-12-04,다우설비,소모품,16,104700,1675200
P00727,2025-12-04,대한상사,원부자재,5,121400,607000
P00728,2025-12-05,대한상사,원부자재,12,114600,1375200
P00729,2025-12-05,한빛물류,원부자재,3,108000,324000
P00730,2025-12-05,다우설비,소모품,45,123700,5566500
P00731,2025-12-08,대한상사,원부자재,4,107500,430000
P00732,2025-12-08,대한상사,원부자재,20,120900,2418000
P00733,2025-12-08,대한상사,원부자재,36,107800,3880800
P00734,2025-12-08,우리텍,사무용품,38,107800,4096400
P00735,2025-12-09,대한상사,소모품,20,119900,2398000
P00736,2025-12-09,코스모기술,소모품,30,124700,3741000
P00737,2025-12-10,서울전자유통,용역,46,72400,3330400
P00738,2025-12-11,그린산업,설비,5,82800,414000
P00739,2025-12-11,대한상사,원부자재,25,106900,2672500
P00740,2025-12-11,한빛물류,사무용품,8,92000,736000
P00741,2025-12-12,미래ENG,물류/운송,15,43200,648000
P00742,2025-12-12,한빛물류,사무용품,12,105200,1262400
P00743,2025-12-12,대한상사,소모품,44,116700,5134800
P00744,2025-12-12,대한상사,원부자재,5,114900,574500
P00745,2025-12-12,코스모기술,원부자재,42,114900,4825800
P00746,2025-12-12,센트럴시스템즈,IT장비,9,73000,657000
P00747,2025-12-12,대한상사,원부자재,9,100700,906300
P00748,2025-12-15,우리텍,사무용품,2,92900,185800
P00749,2025-12-15,대한상사,소모품,10,115700,1157000
P00750,2025-12-16,대한상사,소모품,39,124800,4867200
P00751,2025-12-16,그린산업,원부자재,35,118200,4137000
P00752,2025-12-16,미래ENG,물류/운송,15,41000,615000
P00753,2025-12-17,대한상사,원부자재,26,115700,3008200
P00754,2025-12-17,다우설비,소모품,16,120300,1924800
P00755,2025-12-17,대한상사,원부자재,45,113000,5085000
P00756,2025-12-17,코스모기술,원부자재,21,112500,2362500
P00757,2025-12-17,한빛물류,원부자재,37,107200,3966400
P00758,2025-12-18,한빛물류,사무용품,12,97200,1166400
P00759,2025-12-18,한빛물류,원부자재,15,109500,1642500
P00760,2025-12-18,그린산업,설비,24,85200,2044800
P00761,2025-12-19,다우설비,소모품,3,107300,321900
P00762,2025-12-19,그린산업,설비,34,95500,3247000
P00763,2025-12-19,다우설비,소모품,38,109900,4176200
P00764,2025-12-22,미래ENG,물류/운송,17,41800,710600
P00765,2025-12-22,대한상사,소모품,39,122100,4761900
P00766,2025-12-23,대한상사,소모품,27,111600,3013200
P00767,2025-12-23,대한상사,소모품,25,108200,2705000
P00768,2025-12-23,대한상사,원부자재,27,112800,3045600
P00769,2025-12-23,서울전자유통,용역,33,72600,2395800
P00770,2025-12-23,미래ENG,물류/운송,10,36800,368000
P00771,2025-12-24,대한상사,소모품,24,106200,2548800
P00772,2025-12-24,다우설비,소모품,12,121900,1462800
P00773,2025-12-25,코스모기술,원부자재,45,120100,5404500
P00774,2025-12-25,대한상사,원부자재,9,109900,989100
P00775,2025-12-25,대한상사,소모품,44,105700,4650800
P00776,2025-12-26,센트럴시스템즈,설비,15,97700,1465500
P00777,2025-12-26,대한상사,소모품,23,106700,2454100
P00778,2025-12-26,한빛물류,원부자재,12,113400,1360800
P00779,2025-12-26,센트럴시스템즈,설비,38,83800,3184400
P00780,2025-12-29,서울전자유통,사무용품,21,91300,1917300
P00781,2025-12-30,다우설비,소모품,37,119300,4414100
P00782,2025-12-30,대한상사,원부자재,13,117900,1532700
P00783,2025-12-30,코스모기술,원부자재,23,121700,2799100
P00784,2025-12-31,대한상사,소모품,4,116800,467200
P00785,2026-01-01,그린산업,원부자재,21,121300,2547300
P00786,2026-01-01,그린산업,설비,12,84700,1016400
P00787,2026-01-01,대한상사,원부자재,9,100300,902700
P00788,2026-01-02,한빛물류,사무용품,21,91300,1917300
P00789,2026-01-02,대한상사,원부자재,36,105400,3794400
P00790,2026-01-05,그린산업,원부자재,1,104100,104100
P00791,2026-01-05,대한상사,원부자재,25,122000,3050000
P00792,2026-01-05,대한상사,소모품,8,105500,844000
P00793,2026-01-06,대한상사,원부자재,22,121600,2675200
P00794,2026-01-06,다우설비,소모품,35,106000,3710000
P00795,2026-01-06,한빛물류,원부자재,30,111300,3339000
P00796,2026-01-06,대한상사,소모품,11,103800,1141800
P00797,2026-01-07,미래ENG,물류/운송,32,39000,1248000
P00798,2026-01-07,대한상사,원부자재,38,100400,3815200
P00799,2026-01-07,청년기업협동조합,사무용품,34,106500,3621000
P00800,2026-01-07,서울전자유통,사무용품,49,98400,4821600
P00801,2026-01-07,대한상사,원부자재,25,116700,2917500
P00802,2026-01-08,한빛물류,사무용품,43,103400,4446200
P00803,2026-01-08,코스모기술,소모품,23,115800,2663400
P00804,2026-01-09,대한상사,소모품,32,108700,3478400
P00805,2026-01-09,다우설비,소모품,1,124300,124300
P00806,2026-01-09,미래ENG,물류/운송,2,42500,85000
P00807,2026-01-12,미래ENG,물류/운송,11,40700,447700
P00808,2026-01-12,대한상사,소모품,9,109200,982800
P00809,2026-01-12,센트럴시스템즈,설비,21,92300,1938300
P00810,2026-01-12,다우설비,소모품,27,121100,3269700
P00811,2026-01-13,코스모기술,원부자재,49,116700,5718300
P00812,2026-01-13,한빛물류,원부자재,21,109900,2307900
P00813,2026-01-13,대한상사,원부자재,29,120600,3497400
P00814,2026-01-13,한빛물류,사무용품,7,97700,683900
P00815,2026-01-13,대한상사,소모품,33,109400,3610200
P00816,2026-01-13,대한상사,소모품,42,106500,4473000
P00817,2026-01-14,센트럴시스템즈,IT장비,17,70000,1190000
P00818,2026-01-14,코스모기술,원부자재,37,104400,3862800
P00819,2026-01-14,다우설비,소모품,1,114900,114900
P00820,2026-01-15,대한상사,소모품,12,103300,1239600
P00821,2026-01-15,대한상사,원부자재,44,107100,4712400
P00822,2026-01-16,다우설비,소모품,20,105300,2106000
P00823,2026-01-16,서울전자유통,용역,41,73600,3017600
P00824,2026-01-19,한빛물류,원부자재,40,109500,4380000
P00825,2026-01-19,코스모기술,원부자재,15,115100,1726500
P00826,2026-01-19,미래ENG,물류/운송,41,43100,1767100
P00827,2026-01-19,코스모기술,원부자재,29,113600,3294400
P00828,2026-01-19,서울전자유통,사무용품,39,101300,3950700
P00829,2026-01-20,한빛물류,사무용품,24,97000,2328000
P00830,2026-01-20,코스모기술,소모품,27,109200,2948400
P00831,2026-01-21,미래ENG,물류/운송,34,36700,1247800
P00832,2026-01-21,대한상사,소모품,34,107700,3661800
P00833,2026-01-22,대한상사,소모품,37,116700,4317900
P00834,2026-01-22,대한상사,원부자재,6,104400,626400
P00835,2026-01-22,한빛물류,원부자재,27,111300,3005100
P00836,2026-01-22,센트럴시스템즈,설비,27,93500,2524500
P00837,2026-01-23,대한상사,소모품,46,110100,5064600
P00838,2026-01-23,청년기업협동조합,사무용품,39,95900,3740100
P00839,2026-01-26,센트럴시스템즈,IT장비,30,66200,1986000
P00840,2026-01-26,대한상사,소모품,1,113000,113000
P00841,2026-01-26,한빛물류,사무용품,35,98900,3461500
P00842,2026-01-26,코스모기술,원부자재,39,112900,4403100
P00843,2026-01-27,한빛물류,사무용품,33,92300,3045900
P00844,2026-01-27,센트럴시스템즈,IT장비,25,72800,1820000
P00845,2026-01-28,서울전자유통,용역,43,83300,3581900
P00846,2026-01-29,대한상사,소모품,4,107100,428400
P00847,2026-01-30,센트럴시스템즈,설비,49,84000,4116000
P00848,2026-01-30,센트럴시스템즈,설비,32,80800,2585600
P00849,2026-01-30,미래ENG,물류/운송,48,42100,2020800
P00850,2026-02-02,코스모기술,소모품,28,115500,3234000
P00851,2026-02-02,코스모기술,소모품,25,123200,3080000
P00852,2026-02-03,센트럴시스템즈,설비,11,92500,1017500
P00853,2026-02-03,우리텍,사무용품,15,102900,1543500
P00854,2026-02-03,다우설비,소모품,22,122900,2703800
P00855,2026-02-03,대한상사,소모품,11,116500,1281500
P00856,2026-02-03,미래ENG,물류/운송,1,42100,42100
P00857,2026-02-03,대한상사,원부자재,7,114200,799400
P00858,2026-02-03,대한상사,원부자재,3,106200,318600
P00859,2026-02-03,한빛물류,사무용품,25,102200,2555000
P00860,2026-02-03,한빛물류,원부자재,27,112600,3040200
P00861,2026-02-04,서울전자유통,사무용품,47,104500,4911500
P00862,2026-02-04,대한상사,소모품,19,104900,1993100
P00863,2026-02-04,미래ENG,물류/운송,36,42800,1540800
P00864,2026-02-05,다우설비,소모품,38,112900,4290200
P00865,2026-02-05,대한상사,원부자재,45,121000,5445000
P00866,2026-02-06,대한상사,소모품,18,110900,1996200
P00867,2026-02-09,그린산업,원부자재,21,108000,2268000
P00868,2026-02-09,대한상사,원부자재,45,114300,5143500
P00869,2026-02-09,대한상사,소모품,43,107600,4626800
P00870,2026-02-09,대한상사,원부자재,14,117500,1645000
P00871,2026-02-10,대한상사,소모품,10,115900,1159000
P00872,2026-02-11,대한상사,소모품,47,122000,5734000
P00873,2026-02-11,그린산업,설비,35,89200,3122000
P00874,2026-02-11,대한상사,소모품,31,104800,3248800
P00875,2026-02-11,코스모기술,소모품,41,120400,4936400
P00876,2026-02-12,대한상사,원부자재,33,110100,3633300
P00877,2026-02-13,대한상사,소모품,26,107900,2805400
P00878,2026-02-16,코스모기술,원부자재,5,112900,564500
P00879,2026-02-16,대한상사,소모품,19,122900,2335100
P00880,2026-02-16,대한상사,소모품,41,111500,4571500
P00881,2026-02-16,대한상사,소모품,34,102600,3488400
P00882,2026-02-16,코스모기술,소모품,28,118500,3318000
P00883,2026-02-17,한빛물류,원부자재,43,121300,5215900
P00884,2026-02-17,미래ENG,물류/운송,23,36700,844100
P00885,2026-02-17,서울전자유통,용역,21,70800,1486800
P00886,2026-02-17,코스모기술,원부자재,6,105700,634200
P00887,2026-02-17,대한상사,소모품,31,122600,3800600
P00888,2026-02-17,대한상사,원부자재,31,115500,3580500
P00889,2026-02-17,한빛물류,사무용품,36,98600,3549600
P00890,2026-02-18,다우설비,소모품,41,106200,4354200
P00891,2026-02-18,한빛물류,원부자재,41,110000,4510000
P00892,2026-02-19,그린산업,원부자재,15,118200,1773000
P00893,2026-02-19,한빛물류,사무용품,27,95600,2581200
P00894,2026-02-19,미래ENG,물류/운송,43,37000,1591000
P00895,2026-02-20,우리텍,사무용품,11,93900,1032900
P00896,2026-02-23,대한상사,소모품,37,117900,4362300
P00897,2026-02-23,한빛물류,사무용품,1,106000,106000
P00898,2026-02-24,대한상사,소모품,10,107600,1076000
P00899,2026-02-24,대한상사,원부자재,49,117500,5757500
P00900,2026-02-25,한빛물류,원부자재,22,110400,2428800
P00901,2026-02-25,센트럴시스템즈,IT장비,7,63300,443100
P00902,2026-02-25,대한상사,원부자재,7,107600,753200
P00903,2026-02-27,서울전자유통,사무용품,25,89100,2227500
P00904,2026-02-27,미래ENG,물류/운송,11,38300,421300
P00905,2026-02-27,대한상사,원부자재,41,108400,4444400
P00906,2026-02-27,센트럴시스템즈,IT장비,5,63600,318000
P00907,2026-02-27,그린산업,설비,38,88000,3344000
P00908,2026-03-02,미래ENG,물류/운송,27,42200,1139400
P00909,2026-03-02,한빛물류,원부자재,9,119200,1072800
P00910,2026-03-02,센트럴시스템즈,설비,5,82000,410000
P00911,2026-03-03,그린산업,설비,42,94400,3964800
P00912,2026-03-03,청년기업협동조합,사무용품,19,92600,1759400
P00913,2026-03-03,한빛물류,사무용품,15,89100,1336500
P00914,2026-03-03,미래ENG,물류/운송,24,43900,1053600
P00915,2026-03-04,한빛물류,사무용품,30,99100,2973000
P00916,2026-03-04,대한상사,원부자재,43,107300,4613900
P00917,2026-03-04,대한상사,소모품,19,117300,2228700
P00918,2026-03-04,한빛물류,원부자재,41,119000,4879000
P00919,2026-03-05,우리텍,사무용품,40,94700,3788000
P00920,2026-03-05,대한상사,소모품,3,105800,317400
P00921,2026-03-06,코스모기술,소모품,4,108200,432800
P00922,2026-03-06,대한상사,원부자재,26,118000,3068000
P00923,2026-03-06,다우설비,소모품,6,106800,640800
P00924,2026-03-10,코스모기술,원부자재,17,111700,1898900
P00925,2026-03-10,대한상사,소모품,13,104000,1352000
P00926,2026-03-11,다우설비,소모품,2,113600,227200
P00927,2026-03-11,코스모기술,소모품,41,104400,4280400
P00928,2026-03-12,한빛물류,원부자재,11,118200,1300200
P00929,2026-03-13,청년기업협동조합,사무용품,18,102000,1836000
P00930,2026-03-13,한빛물류,원부자재,5,102300,511500
P00931,2026-03-13,대한상사,소모품,33,102400,3379200
P00932,2026-03-13,다우설비,소모품,4,108600,434400
P00933,2026-03-13,대한상사,원부자재,15,117000,1755000
P00934,2026-03-13,대한상사,원부자재,25,107200,2680000
P00935,2026-03-16,대한상사,소모품,49,106800,5233200
P00936,2026-03-16,센트럴시스템즈,설비,33,94100,3105300
P00937,2026-03-16,대한상사,원부자재,4,107500,430000
P00938,2026-03-16,한빛물류,사무용품,15,97400,1461000
P00939,2026-03-16,대한상사,소모품,4,112900,451600
P00940,2026-03-17,서울전자유통,사무용품,21,101900,2139900
P00941,2026-03-17,한빛물류,원부자재,5,112700,563500
P00942,2026-03-17,우리텍,사무용품,14,93000,1302000
P00943,2026-03-17,대한상사,원부자재,40,105200,4208000
P00944,2026-03-18,코스모기술,원부자재,4,105000,420000
P00945,2026-03-18,대한상사,소모품,35,105400,3689000
P00946,2026-03-18,센트럴시스템즈,설비,23,82300,1892900
P00947,2026-03-18,미래ENG,물류/운송,27,41500,1120500
P00948,2026-03-18,대한상사,소모품,32,110300,3529600
P00949,2026-03-19,대한상사,소모품,12,107200,1286400
P00950,2026-03-19,다우설비,소모품,6,110900,665400
P00951,2026-03-19,대한상사,원부자재,2,103400,206800
P00952,2026-03-20,그린산업,설비,41,87800,3599800
P00953,2026-03-20,센트럴시스템즈,IT장비,48,64700,3105600
P00954,2026-03-20,대한상사,소모품,17,111500,1895500
P00955,2026-03-23,한빛물류,사무용품,19,92500,1757500
P00956,2026-03-23,한빛물류,사무용품,23,98400,2263200
P00957,2026-03-24,대한상사,원부자재,31,121500,3766500
P00958,2026-03-24,한빛물류,원부자재,27,116200,3137400
P00959,2026-03-26,그린산업,설비,43,96400,4145200
P00960,2026-03-26,대한상사,원부자재,26,112700,2930200
P00961,2026-03-27,다우설비,소모품,43,119300,5129900
P00962,2026-03-27,코스모기술,원부자재,7,111900,783300
P00963,2026-03-27,대한상사,소모품,12,104500,1254000
P00964,2026-03-27,대한상사,소모품,1,123600,123600
P00965,2026-03-27,한빛물류,사무용품,2,104900,209800
P00966,2026-03-30,센트럴시스템즈,IT장비,35,69200,2422000
P00967,2026-03-30,코스모기술,원부자재,2,105400,210800
P00968,2026-03-30,대한상사,원부자재,38,118500,4503000
P00969,2026-03-30,코스모기술,원부자재,20,115700,2314000
P00970,2026-03-30,대한상사,소모품,28,110700,3099600
P00971,2026-03-30,대한상사,원부자재,26,113700,2956200
P00972,2026-03-30,한빛물류,원부자재,4,121700,486800
P00973,2026-03-30,한빛물류,사무용품,39,95700,3732300
P00974,2026-03-31,다우설비,소모품,20,104500,2090000
P00975,2026-04-01,대한상사,원부자재,6,117400,704400
P00976,2026-04-01,대한상사,원부자재,5,101200,506000
P00977,2026-04-01,대한상사,소모품,10,107400,1074000
P00978,2026-04-01,센트럴시스템즈,설비,43,82200,3534600
P00979,2026-04-02,다우설비,소모품,17,111100,1888700
P00980,2026-04-03,대한상사,소모품,9,107000,963000
P00981,2026-04-06,코스모기술,원부자재,41,100900,4136900
P00982,2026-04-06,코스모기술,원부자재,45,100000,4500000
P00983,2026-04-06,청년기업협동조합,사무용품,17,100100,1701700
P00984,2026-04-06,서울전자유통,용역,33,71800,2369400
P00985,2026-04-08,센트럴시스템즈,IT장비,15,69800,1047000
P00986,2026-04-08,대한상사,소모품,28,110800,3102400
P00987,2026-04-08,대한상사,원부자재,40,118300,4732000
P00988,2026-04-08,한빛물류,원부자재,33,111400,3676200
P00989,2026-04-08,대한상사,소모품,10,115600,1156000
P00990,2026-04-08,대한상사,소모품,30,106400,3192000
P00991,2026-04-08,서울전자유통,용역,45,71200,3204000
P00992,2026-04-08,코스모기술,원부자재,43,100300,4312900
P00993,2026-04-09,다우설비,소모품,35,122100,4273500
P00994,2026-04-09,대한상사,원부자재,47,113300,5325100
P00995,2026-04-09,대한상사,소모품,31,120700,3741700
P00996,2026-04-09,한빛물류,사무용품,12,91500,1098000
P00997,2026-04-10,대한상사,원부자재,37,113400,4195800
P00998,2026-04-10,코스모기술,원부자재,6,111000,666000
P00999,2026-04-10,한빛물류,원부자재,47,117600,5527200
P01000,2026-04-13,코스모기술,소모품,30,122300,3669000
P01001,2026-04-13,다우설비,소모품,17,104900,1783300
P01002,2026-04-13,다우설비,소모품,35,117200,4102000
P01003,2026-04-14,대한상사,소모품,48,119100,5716800
P01004,2026-04-14,한빛물류,원부자재,7,109900,769300
P01005,2026-04-14,대한상사,소모품,10,106400,1064000
P01006,2026-04-15,대한상사,원부자재,47,103900,4883300
P01007,2026-04-16,그린산업,원부자재,34,105500,3587000
P01008,2026-04-16,대한상사,소모품,31,116000,3596000
P01009,2026-04-16,대한상사,소모품,47,120700,5672900
P01010,2026-04-16,서울전자유통,사무용품,5,100400,502000
P01011,2026-04-17,다우설비,소모품,47,108600,5104200
P01012,2026-04-17,대한상사,소모품,16,116500,1864000
P01013,2026-04-17,코스모기술,원부자재,21,116200,2440200
P01014,2026-04-17,대한상사,소모품,47,114700,5390900
P01015,2026-04-20,그린산업,원부자재,4,113100,452400
P01016,2026-04-20,센트럴시스템즈,IT장비,23,72300,1662900
P01017,2026-04-20,대한상사,원부자재,28,105900,2965200
P01018,2026-04-20,대한상사,원부자재,11,100600,1106600
P01019,2026-04-20,대한상사,원부자재,13,119300,1550900
P01020,2026-04-20,대한상사,소모품,19,117600,2234400
P01021,2026-04-21,그린산업,원부자재,37,119100,4406700
P01022,2026-04-22,다우설비,소모품,33,109600,3616800
P01023,2026-04-22,대한상사,소모품,43,109600,4712800
P01024,2026-04-23,대한상사,소모품,39,108900,4247100
P01025,2026-04-23,미래ENG,물류/운송,7,38900,272300
P01026,2026-04-23,서울전자유통,용역,37,69700,2578900
P01027,2026-04-24,그린산업,설비,12,83400,1000800
P01028,2026-04-24,미래ENG,물류/운송,3,43900,131700
P01029,2026-04-24,다우설비,소모품,45,115600,5202000
P01030,2026-04-24,한빛물류,원부자재,41,119600,4903600
P01031,2026-04-27,대한상사,소모품,6,116400,698400
P01032,2026-04-27,다우설비,소모품,16,109200,1747200
P01033,2026-04-27,한빛물류,원부자재,45,102900,4630500
P01034,2026-04-27,다우설비,소모품,15,113200,1698000
P01035,2026-04-27,대한상사,소모품,23,118100,2716300
P01036,2026-04-28,대한상사,원부자재,37,122000,4514000
P01037,2026-04-28,대한상사,원부자재,41,121000,4961000
P01038,2026-04-28,서울전자유통,용역,41,81600,3345600
P01039,2026-04-28,그린산업,원부자재,20,114600,2292000
P01040,2026-04-29,대한상사,소모품,32,120700,3862400
P01041,2026-04-29,한빛물류,사무용품,44,91400,4021600
P01042,2026-04-30,서울전자유통,사무용품,4,105700,422800
P01043,2026-04-30,그린산업,원부자재,27,110700,2988900
P01044,2026-04-30,한빛물류,사무용품,18,101500,1827000
P01045,2026-05-01,다우설비,소모품,30,103800,3114000
P01046,2026-05-04,서울전자유통,사무용품,23,103700,2385100
P01047,2026-05-04,대한상사,소모품,34,106900,3634600
P01048,2026-05-04,대한상사,소모품,26,115800,3010800
P01049,2026-05-04,미래ENG,물류/운송,41,39900,1635900
P01050,2026-05-05,한빛물류,원부자재,28,117200,3281600
P01051,2026-05-05,그린산업,설비,15,98100,1471500
P01052,2026-05-05,서울전자유통,용역,2,70800,141600
P01053,2026-05-05,센트럴시스템즈,IT장비,23,65500,1506500
P01054,2026-05-05,그린산업,원부자재,23,113900,2619700
P01055,2026-05-06,미래ENG,물류/운송,41,40800,1672800
P01056,2026-05-06,서울전자유통,용역,21,76100,1598100
P01057,2026-05-06,대한상사,원부자재,26,116600,3031600
P01058,2026-05-06,그린산업,원부자재,3,119100,357300
P01059,2026-05-07,다우설비,소모품,49,105400,5164600
P01060,2026-05-07,우리텍,사무용품,25,101800,2545000
P01061,2026-05-07,코스모기술,원부자재,45,100200,4509000
P01062,2026-05-07,서울전자유통,사무용품,27,92000,2484000
P01063,2026-05-07,서울전자유통,사무용품,8,97700,781600
P01064,2026-05-08,한빛물류,원부자재,36,111000,3996000
P01065,2026-05-11,한빛물류,원부자재,45,121700,5476500
P01066,2026-05-11,대한상사,소모품,11,120700,1327700
P01067,2026-05-12,대한상사,원부자재,43,102900,4424700
P01068,2026-05-12,서울전자유통,사무용품,14,95600,1338400
P01069,2026-05-12,서울전자유통,용역,6,77300,463800
P01070,2026-05-13,코스모기술,원부자재,8,117100,936800
P01071,2026-05-13,서울전자유통,용역,45,71600,3222000
P01072,2026-05-13,한빛물류,원부자재,26,115900,3013400
P01073,2026-05-13,센트럴시스템즈,IT장비,48,66000,3168000
P01074,2026-05-13,미래ENG,물류/운송,46,37300,1715800
P01075,2026-05-14,센트럴시스템즈,설비,8,93400,747200
P01076,2026-05-14,대한상사,원부자재,26,107200,2787200
P01077,2026-05-14,서울전자유통,용역,14,74900,1048600
P01078,2026-05-14,대한상사,원부자재,8,101000,808000
P01079,2026-05-14,그린산업,설비,27,85100,2297700
P01080,2026-05-18,대한상사,소모품,25,122300,3057500
P01081,2026-05-18,그린산업,원부자재,22,112400,2472800
P01082,2026-05-20,센트럴시스템즈,설비,2,85400,170800
P01083,2026-05-20,대한상사,소모품,11,113600,1249600
P01084,2026-05-20,대한상사,원부자재,25,119500,2987500
P01085,2026-05-21,한빛물류,원부자재,24,102500,2460000
P01086,2026-05-21,그린산업,원부자재,21,118300,2484300
P01087,2026-05-22,한빛물류,사무용품,2,102700,205400
P01088,2026-05-22,한빛물류,사무용품,48,92700,4449600
P01089,2026-05-25,한빛물류,원부자재,26,113400,2948400
P01090,2026-05-25,다우설비,소모품,42,118400,4972800
P01091,2026-05-26,한빛물류,사무용품,30,93600,2808000
P01092,2026-05-26,청년기업협동조합,사무용품,33,91900,3032700
P01093,2026-05-26,미래ENG,물류/운송,31,43700,1354700
P01094,2026-05-26,대한상사,원부자재,32,111500,3568000
P01095,2026-05-27,코스모기술,원부자재,10,114700,1147000
P01096,2026-05-27,우리텍,사무용품,6,105900,635400
P01097,2026-05-27,우리텍,사무용품,44,95100,4184400
P01098,2026-05-28,대한상사,소모품,47,120700,5672900
P01099,2026-05-28,우리텍,사무용품,47,90200,4239400
P01100,2026-05-28,미래ENG,물류/운송,45,41300,1858500
P01101,2026-05-29,미래ENG,물류/운송,24,39500,948000
P01102,2026-05-29,그린산업,원부자재,30,112600,3378000
P01103,2026-05-29,그린산업,원부자재,49,106700,5228300
P01104,2026-05-29,한빛물류,원부자재,13,101900,1324700
P01105,2026-06-01,코스모기술,소모품,23,104900,2412700
P01106,2026-06-01,코스모기술,소모품,1,115000,115000
P01107,2026-06-01,대한상사,소모품,38,104000,3952000
P01108,2026-06-01,대한상사,원부자재,1,115600,115600
P01109,2026-06-01,미래ENG,물류/운송,9,44200,397800
P01110,2026-06-01,대한상사,소모품,17,102300,1739100
P01111,2026-06-02,청년기업협동조합,사무용품,46,94800,4360800
P01112,2026-06-02,우리텍,사무용품,18,94200,1695600
P01113,2026-06-02,대한상사,소모품,26,112900,2935400
P01114,2026-06-04,대한상사,원부자재,3,121600,364800
P01115,2026-06-04,대한상사,원부자재,25,121000,3025000
P01116,2026-06-05,대한상사,소모품,48,119900,5755200
P01117,2026-06-05,미래ENG,물류/운송,3,40700,122100
P01118,2026-06-08,대한상사,소모품,33,110400,3643200
P01119,2026-06-08,대한상사,원부자재,19,105600,2006400
P01120,2026-06-08,그린산업,원부자재,13,213300,2772900
P01121,2026-06-08,대한상사,원부자재,36,116000,4176000
P01122,2026-06-09,다우설비,소모품,35,111200,3892000
P01123,2026-06-09,다우설비,소모품,11,120100,1321100
P01124,2026-06-10,대한상사,원부자재,47,120400,5658800
P01125,2026-06-10,대한상사,원부자재,15,106900,1603500
P01126,2026-06-10,대한상사,원부자재,43,119900,5155700
P01127,2026-06-11,대한상사,소모품,32,102900,3292800
P01128,2026-06-11,코스모기술,원부자재,6,100800,604800
P01129,2026-06-11,그린산업,원부자재,31,178900,5545900
P01130,2026-06-12,센트럴시스템즈,설비,17,93500,1589500
P01131,2026-06-15,한빛물류,원부자재,45,110900,4990500
P01132,2026-06-16,대한상사,원부자재,4,117400,469600
P01133,2026-06-16,대한상사,원부자재,38,119300,4533400
P01134,2026-06-17,서울전자유통,용역,16,71700,1147200
P01135,2026-06-17,청년기업협동조합,사무용품,39,90400,3525600
P01136,2026-06-17,코스모기술,소모품,14,112700,1577800
P01137,2026-06-18,센트럴시스템즈,IT장비,5,67900,339500
P01138,2026-06-18,대한상사,원부자재,40,113400,4536000
P01139,2026-06-18,대한상사,소모품,35,123400,4319000
P01140,2026-06-18,다우설비,소모품,20,121100,2422000
P01141,2026-06-18,미래ENG,물류/운송,17,36900,627300
P01142,2026-06-18,미래ENG,물류/운송,45,42700,1921500
P01143,2026-06-18,한빛물류,사무용품,11,108700,1195700
P01144,2026-06-18,그린산업,원부자재,2,194700,389400
P01145,2026-06-19,그린산업,설비,36,81500,2934000
P01146,2026-06-19,한빛물류,사무용품,22,105700,2325400
P01147,2026-06-19,서울전자유통,용역,15,81100,1216500
P01148,2026-06-19,서울전자유통,용역,7,73800,516600
P01149,2026-06-22,그린산업,원부자재,49,210600,10319400
P01150,2026-06-22,센트럴시스템즈,IT장비,13,62700,815100
P01151,2026-06-23,대한상사,원부자재,34,108200,3678800
P01152,2026-06-23,그린산업,원부자재,29,207400,6014600
P01153,2026-06-24,대한상사,소모품,38,111400,4233200
P01154,2026-06-24,다우설비,소모품,49,107700,5277300
P01155,2026-06-24,대한상사,소모품,32,105600,3379200
P01156,2026-06-25,코스모기술,소모품,31,123600,3831600
P01157,2026-06-26,한빛물류,원부자재,31,109800,3403800
P01158,2026-06-29,미래ENG,물류/운송,15,38700,580500
P01159,2026-06-30,다우설비,소모품,39,116900,4559100
P01160,2026-07-01,그린산업,설비,17,97700,1660900
P01161,2026-07-01,대한상사,소모품,2,104400,208800
P01162,2026-07-01,대한상사,원부자재,13,114800,1492400
P01163,2026-07-01,한빛물류,사무용품,1,89100,89100
P01164,2026-07-02,대한상사,원부자재,43,118000,5074000
P01165,2026-07-02,우리텍,사무용품,25,89700,2242500
P01166,2026-07-02,대한상사,원부자재,41,105900,4341900
P01167,2026-07-03,미래ENG,물류/운송,31,43100,1336100
P01168,2026-07-03,한빛물류,원부자재,43,108100,4648300
P01169,2026-07-03,대한상사,원부자재,35,109500,3832500
P01170,2026-07-06,미래ENG,물류/운송,12,38200,458400
P01171,2026-07-06,우리텍,사무용품,24,105800,2539200
P01172,2026-07-07,미래ENG,물류/운송,32,39200,1254400
P01173,2026-07-07,한빛물류,원부자재,15,106600,1599000
P01174,2026-07-07,대한상사,원부자재,15,101700,1525500
P01175,2026-07-07,그린산업,원부자재,9,195500,1759500
P01176,2026-07-08,대한상사,소모품,49,117200,5742800
P01177,2026-07-09,코스모기술,소모품,15,119300,1789500
P01178,2026-07-09,다우설비,소모품,15,123500,1852500
P01179,2026-07-10,대한상사,원부자재,41,106100,4350100
P01180,2026-07-13,한빛물류,원부자재,22,111200,2446400
P01181,2026-07-13,서울전자유통,사무용품,46,89300,4107800
P01182,2026-07-13,대한상사,원부자재,34,121900,4144600
P01183,2026-07-14,미래ENG,물류/운송,2,39200,78400
P01184,2026-07-14,한빛물류,사무용품,21,104700,2198700
P01185,2026-07-14,한빛물류,원부자재,26,118500,3081000
P01186,2026-07-15,그린산업,원부자재,27,216700,5850900
P01187,2026-07-15,센트럴시스템즈,설비,34,83900,2852600
P01188,2026-07-16,그린산업,원부자재,14,200300,2804200
P01189,2026-07-16,서울전자유통,용역,38,75500,2869000
P01190,2026-07-16,서울전자유통,사무용품,22,96400,2120800
P01191,2026-07-16,대한상사,원부자재,16,113900,1822400
P01192,2026-07-16,대한상사,소모품,39,112100,4371900
P01193,2026-07-16,미래ENG,물류/운송,10,39500,395000
P01194,2026-07-16,한빛물류,사무용품,17,94200,1601400
P01195,2026-07-16,우리텍,사무용품,17,95100,1616700
P01196,2026-07-17,한빛물류,원부자재,17,110900,1885300
P01197,2026-07-17,대한상사,원부자재,7,113800,796600
P01198,2026-07-17,센트럴시스템즈,설비,39,97800,3814200
P01199,2026-07-17,대한상사,소모품,26,115700,3008200
P01200,2026-07-17,서울전자유통,사무용품,22,96100,2114200
P01201,2026-07-17,청년기업협동조합,사무용품,8,97200,777600
P01202,2026-07-20,한빛물류,사무용품,27,95100,2567700
P01203,2026-07-20,미래ENG,물류/운송,39,36800,1435200
P01204,2026-07-20,대한상사,소모품,7,105100,735700
P01205,2026-07-21,미래ENG,물류/운송,7,38500,269500
P01206,2026-07-21,한빛물류,사무용품,15,105700,1585500
P01207,2026-07-21,코스모기술,소모품,41,116700,4784700
P01208,2026-07-21,미래ENG,물류/운송,36,37400,1346400
P01209,2026-07-21,한빛물류,사무용품,26,96700,2514200
P01210,2026-07-21,한빛물류,사무용품,47,102700,4826900
P01211,2026-07-22,대한상사,소모품,45,114600,5157000
P01212,2026-07-22,대한상사,소모품,1,117300,117300
P01213,2026-07-23,대한상사,소모품,28,121300,3396400
P01214,2026-07-24,대한상사,소모품,31,116900,3623900
P01215,2026-07-24,대한상사,원부자재,1,111700,111700
P01216,2026-07-24,대한상사,원부자재,23,111900,2573700
P01217,2026-07-27,대한상사,소모품,14,111000,1554000
P01218,2026-07-28,대한상사,원부자재,45,105400,4743000
P01219,2026-07-28,대한상사,원부자재,43,102400,4403200
P01220,2026-07-28,다우설비,소모품,47,103600,4869200
P01221,2026-07-28,한빛물류,사무용품,30,92800,2784000
P01222,2026-07-28,한빛물류,사무용품,18,96100,1729800
P01223,2026-07-28,센트럴시스템즈,IT장비,15,73800,1107000
P01224,2026-07-29,한빛물류,사무용품,7,95000,665000
P01225,2026-07-29,코스모기술,원부자재,40,106100,4244000
P01226,2026-07-29,서울전자유통,용역,18,73800,1328400
P01227,2026-07-29,한빛물류,원부자재,34,109600,3726400
P01228,2026-07-29,대한상사,원부자재,45,106300,4783500
