계약번호,단계,순서,작업명,담당자,계획일,실제완료일,상태,결과메모
C0001,계약전,1,구매요청(PR) 등록,박계약,2024-01-08,2024-01-06,완료,
C0001,계약전,2,견적비교(RFQ),최법무,2024-01-10,2024-01-08,완료,
C0001,계약전,3,공급업체 선정,정검수,2024-01-12,2024-01-14,완료,
C0001,계약체결,1,계약서 초안 작성,최법무,2024-02-09,2024-02-07,완료,
C0001,계약체결,2,법무검토,박계약,2024-02-11,2024-02-09,완료,
C0001,계약체결,3,계약이행보증 가입확인,김구매,2024-02-13,2024-02-13,완료,가입완료
C0001,계약체결,4,선급금보증 가입확인,박계약,2024-02-15,2024-02-13,완료,미가입(확인필요)
C0001,계약체결,5,날인/계약등록,이조달,2024-02-17,2024-02-19,완료,
C0001,이행,1,발주(PO) 발행,이조달,2024-06-14,2024-06-15,완료,
C0001,이행,2,납품/검수,박계약,2024-06-16,2024-06-18,완료,
C0001,이행,3,대금지급,김구매,2024-06-18,2024-06-21,완료,
C0001,종료,1,최종정산,김구매,2024-12-15,2024-12-13,완료,
C0001,종료,2,하자보증기간 관리,김구매,2024-12-17,2024-12-19,완료,
C0001,종료,3,실적증명서 수취,정검수,2024-12-16,2024-12-16,완료,해당없음(민간발주)
C0001,종료,4,갱신여부 판단,박계약,2024-12-21,2024-12-23,완료,
C0001,종료,5,계약종료처리,이조달,2024-12-23,2024-12-21,완료,
C0002,계약전,1,구매요청(PR) 등록,정검수,2024-07-01,2024-06-29,완료,
C0002,계약전,2,견적비교(RFQ),이조달,2024-07-03,2024-07-05,완료,
C0002,계약전,3,공급업체 선정,정검수,2024-07-05,2024-07-07,완료,
C0002,계약체결,1,계약서 초안 작성,최법무,2024-08-09,2024-08-11,완료,
C0002,계약체결,2,법무검토,최법무,2024-08-11,2024-08-14,완료,
C0002,계약체결,3,계약이행보증 가입확인,최법무,2024-08-13,2024-08-11,완료,가입완료
C0002,계약체결,4,선급금보증 가입확인,김구매,2024-08-11,2024-08-11,완료,해당없음(선급금 미지급)
C0002,계약체결,5,날인/계약등록,김구매,2024-08-17,2024-08-15,완료,
C0002,이행,1,발주(PO) 발행,최법무,2024-10-27,2024-10-25,완료,
C0002,이행,2,납품/검수,김구매,2024-10-29,2024-10-30,완료,
C0002,이행,3,대금지급,최법무,2024-10-31,2024-11-01,완료,
C0002,종료,1,최종정산,이조달,2025-02-17,2025-02-16,완료,
C0002,종료,2,하자보증기간 관리,이조달,2025-02-19,2025-02-22,완료,
C0002,종료,3,실적증명서 수취,정검수,2025-02-18,2025-02-18,완료,해당없음(민간발주)
C0002,종료,4,갱신여부 판단,최법무,2025-02-23,2025-02-24,완료,
C0002,종료,5,계약종료처리,김구매,2025-02-25,2025-02-23,완료,
C0003,계약전,1,구매요청(PR) 등록,정검수,2024-04-27,2024-04-26,완료,
C0003,계약전,2,견적비교(RFQ),최법무,2024-04-29,2024-04-30,완료,
C0003,계약전,3,공급업체 선정,최법무,2024-05-01,2024-05-01,완료,
C0003,계약체결,1,계약서 초안 작성,박계약,2024-05-23,2024-05-26,완료,
C0003,계약체결,2,법무검토,박계약,2024-05-25,2024-05-24,완료,
C0003,계약체결,3,계약이행보증 가입확인,박계약,2024-05-27,2024-05-28,완료,가입완료
C0003,계약체결,4,선급금보증 가입확인,정검수,2024-05-25,2024-05-25,완료,해당없음(선급금 미지급)
C0003,계약체결,5,날인/계약등록,박계약,2024-05-31,2024-06-01,완료,
C0003,이행,1,발주(PO) 발행,이조달,2024-09-28,2024-10-01,완료,
C0003,이행,2,납품/검수,정검수,2024-09-30,2024-09-28,완료,
C0003,이행,3,대금지급,최법무,2024-10-02,2024-10-05,완료,
C0003,종료,1,최종정산,김구매,2025-04-01,2025-04-04,완료,
C0003,종료,2,하자보증기간 관리,김구매,2025-04-03,2025-04-05,완료,
C0003,종료,3,실적증명서 수취,정검수,2025-04-02,2025-04-02,완료,해당없음(민간발주)
C0003,종료,4,갱신여부 판단,박계약,2025-04-07,2025-04-06,완료,
C0003,종료,5,계약종료처리,최법무,2025-04-09,2025-04-09,완료,
C0004,계약전,1,구매요청(PR) 등록,이조달,2024-08-20,2024-08-22,완료,
C0004,계약전,2,견적비교(RFQ),정검수,2024-08-22,2024-08-21,완료,
C0004,계약전,3,공급업체 선정,김구매,2024-08-24,2024-08-24,완료,
C0004,계약체결,1,계약서 초안 작성,정검수,2024-09-04,2024-09-06,완료,
C0004,계약체결,2,법무검토,정검수,2024-09-06,2024-09-05,완료,
C0004,계약체결,3,계약이행보증 가입확인,박계약,2024-09-08,2024-09-09,완료,가입완료
C0004,계약체결,4,선급금보증 가입확인,최법무,2024-09-06,2024-09-06,완료,해당없음(선급금 미지급)
C0004,계약체결,5,날인/계약등록,박계약,2024-09-12,2024-09-11,완료,
C0004,이행,1,발주(PO) 발행,정검수,2024-12-29,2024-12-30,완료,
C0004,이행,2,납품/검수,김구매,2024-12-31,2025-01-01,완료,
C0004,이행,3,대금지급,박계약,2025-01-02,2025-01-02,완료,
C0004,종료,1,최종정산,정검수,2025-06-12,2025-06-14,완료,
C0004,종료,2,하자보증기간 관리,정검수,2025-06-14,2025-06-17,완료,
C0004,종료,3,실적증명서 수취,정검수,2025-06-16,2025-06-18,완료,수취완료
C0004,종료,4,갱신여부 판단,박계약,2025-06-18,2025-06-21,완료,
C0004,종료,5,계약종료처리,박계약,2025-06-20,2025-06-19,완료,
C0005,계약전,1,구매요청(PR) 등록,박계약,2023-12-20,2023-12-22,완료,
C0005,계약전,2,견적비교(RFQ),정검수,2023-12-22,2023-12-22,완료,
C0005,계약전,3,공급업체 선정,박계약,2023-12-24,2023-12-25,완료,
C0005,계약체결,1,계약서 초안 작성,박계약,2024-01-20,2024-01-22,완료,
C0005,계약체결,2,법무검토,김구매,2024-01-22,2024-01-24,완료,
C0005,계약체결,3,계약이행보증 가입확인,최법무,2024-01-24,2024-01-25,완료,가입완료
C0005,계약체결,4,선급금보증 가입확인,최법무,2024-01-26,2024-01-27,완료,가입완료
C0005,계약체결,5,날인/계약등록,김구매,2024-01-28,2024-01-29,완료,
C0005,이행,1,발주(PO) 발행,정검수,2024-06-11,2024-06-13,완료,
C0005,이행,2,납품/검수,이조달,2024-06-13,2024-06-11,완료,
C0005,이행,3,대금지급,이조달,2024-06-15,2024-06-14,완료,
C0005,종료,1,최종정산,정검수,2024-12-27,2024-12-26,완료,
C0005,종료,2,하자보증기간 관리,김구매,2024-12-29,2024-12-29,완료,
C0005,종료,3,실적증명서 수취,이조달,2024-12-28,2024-12-28,완료,해당없음(민간발주)
C0005,종료,4,갱신여부 판단,박계약,2025-01-02,2025-01-03,완료,
C0005,종료,5,계약종료처리,이조달,2025-01-04,2025-01-07,완료,
C0006,계약전,1,구매요청(PR) 등록,최법무,2024-09-09,2024-09-12,완료,
C0006,계약전,2,견적비교(RFQ),이조달,2024-09-11,2024-09-11,완료,
C0006,계약전,3,공급업체 선정,이조달,2024-09-13,2024-09-14,완료,
C0006,계약체결,1,계약서 초안 작성,박계약,2024-09-25,2024-09-24,완료,
C0006,계약체결,2,법무검토,최법무,2024-09-27,2024-09-29,완료,
C0006,계약체결,3,계약이행보증 가입확인,김구매,2024-09-29,2024-09-29,완료,면제(소액계약)
C0006,계약체결,4,선급금보증 가입확인,박계약,2024-09-27,2024-09-27,완료,해당없음(선급금 미지급)
C0006,계약체결,5,날인/계약등록,박계약,2024-10-03,2024-10-01,완료,
C0006,이행,1,발주(PO) 발행,박계약,2025-01-14,2025-01-16,완료,
C0006,이행,2,납품/검수,김구매,2025-01-16,2025-01-18,완료,
C0006,이행,3,대금지급,박계약,2025-01-18,2025-01-21,완료,
C0006,종료,1,최종정산,최법무,2025-06-22,2025-06-23,완료,
C0006,종료,2,하자보증기간 관리,정검수,2025-06-24,2025-06-25,완료,
C0006,종료,3,실적증명서 수취,박계약,2025-06-26,2025-06-25,완료,미수취(누락)
C0006,종료,4,갱신여부 판단,박계약,2025-06-28,2025-06-30,완료,
C0006,종료,5,계약종료처리,최법무,2025-06-30,2025-06-28,완료,
C0007,계약전,1,구매요청(PR) 등록,김구매,2025-10-04,2025-10-07,완료,
C0007,계약전,2,견적비교(RFQ),최법무,2025-10-06,2025-10-05,완료,
C0007,계약전,3,공급업체 선정,정검수,2025-10-08,2025-10-08,완료,
C0007,계약체결,1,계약서 초안 작성,이조달,2025-11-02,2025-11-05,완료,
C0007,계약체결,2,법무검토,박계약,2025-11-04,2025-11-07,완료,
C0007,계약체결,3,계약이행보증 가입확인,이조달,2025-11-06,2025-11-04,완료,가입완료
C0007,계약체결,4,선급금보증 가입확인,정검수,2025-11-04,2025-11-04,완료,해당없음(선급금 미지급)
C0007,계약체결,5,날인/계약등록,김구매,2025-11-10,2025-11-09,완료,
C0007,이행,1,발주(PO) 발행,이조달,2026-01-25,2026-01-24,완료,
C0007,이행,2,납품/검수,정검수,2026-01-27,2026-01-26,완료,
C0007,이행,3,대금지급,최법무,2026-01-29,2026-01-27,완료,
C0007,종료,1,최종정산,김구매,2026-05-24,2026-05-27,완료,
C0007,종료,2,하자보증기간 관리,박계약,2026-05-26,2026-05-25,완료,
C0007,종료,3,실적증명서 수취,이조달,2026-05-25,2026-05-25,완료,해당없음(민간발주)
C0007,종료,4,갱신여부 판단,이조달,2026-05-30,2026-05-29,완료,
C0007,종료,5,계약종료처리,최법무,2026-06-01,2026-05-30,완료,
C0008,계약전,1,구매요청(PR) 등록,박계약,2023-12-31,2023-12-31,완료,
C0008,계약전,2,견적비교(RFQ),박계약,2024-01-02,2024-01-01,완료,
C0008,계약전,3,공급업체 선정,김구매,2024-01-04,2024-01-02,완료,
C0008,계약체결,1,계약서 초안 작성,김구매,2024-01-21,2024-01-21,완료,
C0008,계약체결,2,법무검토,정검수,2024-01-23,2024-01-25,완료,
C0008,계약체결,3,계약이행보증 가입확인,이조달,2024-01-25,2024-01-27,완료,가입완료
C0008,계약체결,4,선급금보증 가입확인,김구매,2024-01-23,2024-01-23,완료,해당없음(선급금 미지급)
C0008,계약체결,5,날인/계약등록,이조달,2024-01-29,2024-02-01,완료,
C0008,이행,1,발주(PO) 발행,박계약,2024-05-16,2024-05-18,완료,
C0008,이행,2,납품/검수,박계약,2024-05-18,2024-05-20,완료,
C0008,이행,3,대금지급,박계약,2024-05-20,2024-05-18,완료,
C0008,종료,1,최종정산,이조달,2024-10-31,2024-11-02,완료,
C0008,종료,2,하자보증기간 관리,최법무,2024-11-02,2024-11-05,완료,
C0008,종료,3,실적증명서 수취,최법무,2024-11-04,2024-11-02,완료,수취완료
C0008,종료,4,갱신여부 판단,박계약,2024-11-06,2024-11-05,완료,
C0008,종료,5,계약종료처리,최법무,2024-11-08,2024-11-08,완료,
C0009,계약전,1,구매요청(PR) 등록,김구매,2024-10-08,2024-10-10,완료,
C0009,계약전,2,견적비교(RFQ),정검수,2024-10-10,2024-10-13,완료,
C0009,계약전,3,공급업체 선정,김구매,2024-10-12,2024-10-14,완료,
C0009,계약체결,1,계약서 초안 작성,김구매,2024-10-30,2024-10-28,완료,
C0009,계약체결,2,법무검토,박계약,2024-11-01,2024-11-02,완료,
C0009,계약체결,3,계약이행보증 가입확인,정검수,2024-11-03,2024-11-02,완료,가입완료
C0009,계약체결,4,선급금보증 가입확인,이조달,2024-11-01,2024-11-01,완료,해당없음(선급금 미지급)
C0009,계약체결,5,날인/계약등록,박계약,2024-11-07,2024-11-05,완료,
C0009,이행,1,발주(PO) 발행,이조달,2025-03-06,2025-03-08,완료,
C0009,이행,2,납품/검수,김구매,2025-03-08,2025-03-06,완료,
C0009,이행,3,대금지급,김구매,2025-03-10,2025-03-08,완료,
C0009,종료,1,최종정산,최법무,2025-09-08,2025-09-08,완료,
C0009,종료,2,하자보증기간 관리,정검수,2025-09-10,2025-09-12,완료,
C0009,종료,3,실적증명서 수취,정검수,2025-09-09,2025-09-09,완료,해당없음(민간발주)
C0009,종료,4,갱신여부 판단,김구매,2025-09-14,2025-09-17,완료,
C0009,종료,5,계약종료처리,이조달,2025-09-16,2025-09-18,완료,
C0010,계약전,1,구매요청(PR) 등록,김구매,2024-04-20,2024-04-23,완료,
C0010,계약전,2,견적비교(RFQ),정검수,2024-04-22,2024-04-24,완료,
C0010,계약전,3,공급업체 선정,정검수,2024-04-24,2024-04-25,완료,
C0010,계약체결,1,계약서 초안 작성,김구매,2024-05-22,2024-05-24,완료,
C0010,계약체결,2,법무검토,이조달,2024-05-24,2024-05-23,완료,
C0010,계약체결,3,계약이행보증 가입확인,정검수,2024-05-26,2024-05-29,완료,가입완료
C0010,계약체결,4,선급금보증 가입확인,김구매,2024-05-28,2024-05-30,완료,미가입(확인필요)
C0010,계약체결,5,날인/계약등록,박계약,2024-05-30,2024-05-30,완료,
C0010,이행,1,발주(PO) 발행,이조달,2024-09-10,2024-09-08,완료,
C0010,이행,2,납품/검수,박계약,2024-09-12,2024-09-11,완료,
C0010,이행,3,대금지급,김구매,2024-09-14,2024-09-14,완료,
C0010,종료,1,최종정산,이조달,2025-02-17,2025-02-15,완료,
C0010,종료,2,하자보증기간 관리,이조달,2025-02-19,2025-02-19,완료,
C0010,종료,3,실적증명서 수취,정검수,2025-02-18,2025-02-18,완료,해당없음(민간발주)
C0010,종료,4,갱신여부 판단,김구매,2025-02-23,2025-02-24,완료,
C0010,종료,5,계약종료처리,정검수,2025-02-25,2025-02-24,완료,
C0011,계약전,1,구매요청(PR) 등록,박계약,2025-03-19,2025-03-19,완료,
C0011,계약전,2,견적비교(RFQ),최법무,2025-03-21,2025-03-20,완료,
C0011,계약전,3,공급업체 선정,이조달,2025-03-23,2025-03-24,완료,
C0011,계약체결,1,계약서 초안 작성,김구매,2025-03-31,2025-04-03,완료,
C0011,계약체결,2,법무검토,최법무,2025-04-02,2025-04-04,완료,
C0011,계약체결,3,계약이행보증 가입확인,정검수,2025-04-04,2025-04-04,완료,가입완료
C0011,계약체결,4,선급금보증 가입확인,김구매,2025-04-02,2025-04-02,완료,해당없음(선급금 미지급)
C0011,계약체결,5,날인/계약등록,김구매,2025-04-08,2025-04-06,완료,
C0011,이행,1,발주(PO) 발행,정검수,2025-08-07,2025-08-05,완료,
C0011,이행,2,납품/검수,박계약,2025-08-09,2025-08-09,완료,
C0011,이행,3,대금지급,박계약,2025-08-11,2025-08-12,완료,
C0011,종료,1,최종정산,김구매,2026-02-03,2026-02-03,완료,
C0011,종료,2,하자보증기간 관리,박계약,2026-02-05,2026-02-03,완료,
C0011,종료,3,실적증명서 수취,이조달,2026-02-04,2026-02-04,완료,해당없음(민간발주)
C0011,종료,4,갱신여부 판단,정검수,2026-02-09,2026-02-11,완료,
C0011,종료,5,계약종료처리,정검수,2026-02-11,2026-02-13,완료,
C0012,계약전,1,구매요청(PR) 등록,이조달,2024-10-16,2024-10-16,완료,
C0012,계약전,2,견적비교(RFQ),이조달,2024-10-18,2024-10-20,완료,
C0012,계약전,3,공급업체 선정,김구매,2024-10-20,2024-10-19,완료,
C0012,계약체결,1,계약서 초안 작성,최법무,2024-11-18,2024-11-17,완료,
C0012,계약체결,2,법무검토,정검수,2024-11-20,2024-11-20,완료,
C0012,계약체결,3,계약이행보증 가입확인,최법무,2024-11-22,2024-11-25,완료,가입완료
C0012,계약체결,4,선급금보증 가입확인,김구매,2024-11-24,2024-11-27,완료,가입완료
C0012,계약체결,5,날인/계약등록,김구매,2024-11-26,2024-11-28,완료,
C0012,이행,1,발주(PO) 발행,박계약,2025-01-30,2025-01-29,완료,
C0012,이행,2,납품/검수,김구매,2025-02-01,2025-02-02,완료,
C0012,이행,3,대금지급,김구매,2025-02-03,2025-02-02,완료,
C0012,종료,1,최종정산,정검수,2025-05-05,2025-05-08,완료,
C0012,종료,2,하자보증기간 관리,이조달,2025-05-07,2025-05-07,완료,
C0012,종료,3,실적증명서 수취,김구매,2025-05-06,2025-05-06,완료,해당없음(민간발주)
C0012,종료,4,갱신여부 판단,이조달,2025-05-11,2025-05-11,완료,
C0012,종료,5,계약종료처리,최법무,2025-05-13,2025-05-11,완료,
C0013,계약전,1,구매요청(PR) 등록,김구매,2024-05-12,2024-05-13,완료,
C0013,계약전,2,견적비교(RFQ),김구매,2024-05-14,2024-05-15,완료,
C0013,계약전,3,공급업체 선정,이조달,2024-05-16,2024-05-17,완료,
C0013,계약체결,1,계약서 초안 작성,최법무,2024-06-03,2024-06-03,완료,
C0013,계약체결,2,법무검토,김구매,2024-06-05,2024-06-08,완료,
C0013,계약체결,3,계약이행보증 가입확인,이조달,2024-06-07,2024-06-08,완료,가입완료
C0013,계약체결,4,선급금보증 가입확인,정검수,2024-06-09,2024-06-08,완료,미가입(확인필요)
C0013,계약체결,5,날인/계약등록,이조달,2024-06-11,2024-06-14,완료,
C0013,이행,1,발주(PO) 발행,정검수,2024-09-09,2024-09-12,완료,
C0013,이행,2,납품/검수,박계약,2024-09-11,2024-09-13,완료,
C0013,이행,3,대금지급,김구매,2024-09-13,2024-09-12,완료,
C0013,종료,1,최종정산,김구매,2025-01-22,2025-01-20,완료,
C0013,종료,2,하자보증기간 관리,박계약,2025-01-24,2025-01-23,완료,
C0013,종료,3,실적증명서 수취,박계약,2025-01-23,2025-01-23,완료,해당없음(민간발주)
C0013,종료,4,갱신여부 판단,김구매,2025-01-28,2025-01-30,완료,
C0013,종료,5,계약종료처리,최법무,2025-01-30,2025-01-29,완료,
C0014,계약전,1,구매요청(PR) 등록,박계약,2024-03-11,2024-03-12,완료,
C0014,계약전,2,견적비교(RFQ),김구매,2024-03-13,2024-03-14,완료,
C0014,계약전,3,공급업체 선정,김구매,2024-03-15,2024-03-15,완료,
C0014,계약체결,1,계약서 초안 작성,박계약,2024-04-14,2024-04-13,완료,
C0014,계약체결,2,법무검토,박계약,2024-04-16,2024-04-18,완료,
C0014,계약체결,3,계약이행보증 가입확인,김구매,2024-04-18,2024-04-16,완료,가입완료
C0014,계약체결,4,선급금보증 가입확인,최법무,2024-04-16,2024-04-16,완료,해당없음(선급금 미지급)
C0014,계약체결,5,날인/계약등록,최법무,2024-04-22,2024-04-21,완료,
C0014,이행,1,발주(PO) 발행,김구매,2024-08-17,2024-08-16,완료,
C0014,이행,2,납품/검수,박계약,2024-08-19,2024-08-21,완료,
C0014,이행,3,대금지급,이조달,2024-08-21,2024-08-21,완료,
C0014,종료,1,최종정산,이조달,2025-02-17,2025-02-19,완료,
C0014,종료,2,하자보증기간 관리,정검수,2025-02-19,2025-02-19,완료,
C0014,종료,3,실적증명서 수취,박계약,2025-02-18,2025-02-18,완료,해당없음(민간발주)
C0014,종료,4,갱신여부 판단,정검수,2025-02-23,2025-02-22,완료,
C0014,종료,5,계약종료처리,김구매,2025-02-25,2025-02-28,완료,
C0015,계약전,1,구매요청(PR) 등록,최법무,2025-02-16,2025-02-15,완료,
C0015,계약전,2,견적비교(RFQ),정검수,2025-02-18,2025-02-16,완료,
C0015,계약전,3,공급업체 선정,이조달,2025-02-20,2025-02-19,완료,
C0015,계약체결,1,계약서 초안 작성,최법무,2025-03-04,2025-03-07,완료,
C0015,계약체결,2,법무검토,최법무,2025-03-06,2025-03-05,완료,
C0015,계약체결,3,계약이행보증 가입확인,최법무,2025-03-08,2025-03-10,완료,가입완료
C0015,계약체결,4,선급금보증 가입확인,김구매,2025-03-06,2025-03-06,완료,해당없음(선급금 미지급)
C0015,계약체결,5,날인/계약등록,김구매,2025-03-12,2025-03-14,완료,
C0015,이행,1,발주(PO) 발행,정검수,2025-05-02,2025-05-05,완료,
C0015,이행,2,납품/검수,정검수,2025-05-04,2025-05-06,완료,
C0015,이행,3,대금지급,이조달,2025-05-06,2025-05-04,완료,
C0015,종료,1,최종정산,이조달,2025-07-15,2025-07-14,완료,
C0015,종료,2,하자보증기간 관리,정검수,2025-07-17,2025-07-15,완료,
C0015,종료,3,실적증명서 수취,김구매,2025-07-16,2025-07-16,완료,해당없음(민간발주)
C0015,종료,4,갱신여부 판단,김구매,2025-07-21,2025-07-21,완료,
C0015,종료,5,계약종료처리,정검수,2025-07-23,2025-07-23,완료,
C0016,계약전,1,구매요청(PR) 등록,김구매,2025-11-01,2025-10-31,완료,
C0016,계약전,2,견적비교(RFQ),정검수,2025-11-03,2025-11-05,완료,
C0016,계약전,3,공급업체 선정,김구매,2025-11-05,2025-11-05,완료,
C0016,계약체결,1,계약서 초안 작성,박계약,2025-12-02,2025-12-05,완료,
C0016,계약체결,2,법무검토,박계약,2025-12-04,2025-12-07,완료,
C0016,계약체결,3,계약이행보증 가입확인,김구매,2025-12-06,2025-12-09,완료,면제(소액계약)
C0016,계약체결,4,선급금보증 가입확인,정검수,2025-12-04,2025-12-04,완료,해당없음(선급금 미지급)
C0016,계약체결,5,날인/계약등록,정검수,2025-12-10,2025-12-12,완료,
C0016,이행,1,발주(PO) 발행,박계약,2026-01-31,2026-01-29,완료,
C0016,이행,2,납품/검수,김구매,2026-02-02,2026-02-03,완료,
C0016,이행,3,대금지급,정검수,2026-02-04,2026-02-05,완료,
C0016,종료,1,최종정산,최법무,2026-04-16,2026-04-14,완료,
C0016,종료,2,하자보증기간 관리,이조달,2026-04-18,2026-04-17,완료,
C0016,종료,3,실적증명서 수취,김구매,2026-04-20,2026-04-23,완료,수취완료
C0016,종료,4,갱신여부 판단,이조달,2026-04-22,2026-04-25,완료,
C0016,종료,5,계약종료처리,김구매,2026-04-24,2026-04-27,완료,
C0017,계약전,1,구매요청(PR) 등록,박계약,2025-08-11,2025-08-14,완료,
C0017,계약전,2,견적비교(RFQ),최법무,2025-08-13,2025-08-14,완료,
C0017,계약전,3,공급업체 선정,정검수,2025-08-15,2025-08-17,완료,
C0017,계약체결,1,계약서 초안 작성,정검수,2025-09-21,2025-09-21,완료,
C0017,계약체결,2,법무검토,박계약,2025-09-23,2025-09-25,완료,
C0017,계약체결,3,계약이행보증 가입확인,박계약,2025-09-25,2025-09-23,완료,가입완료
C0017,계약체결,4,선급금보증 가입확인,박계약,2025-09-23,2025-09-23,완료,해당없음(선급금 미지급)
C0017,계약체결,5,날인/계약등록,최법무,2025-09-29,2025-09-29,완료,
C0017,이행,1,발주(PO) 발행,최법무,2025-10-25,2025-10-25,완료,
C0017,이행,2,납품/검수,정검수,2025-10-27,2025-10-25,완료,
C0017,이행,3,대금지급,이조달,2025-10-29,2025-10-27,완료,
C0017,종료,1,최종정산,정검수,2025-12-11,2025-12-12,완료,
C0017,종료,2,하자보증기간 관리,최법무,2025-12-13,2025-12-15,완료,
C0017,종료,3,실적증명서 수취,김구매,2025-12-12,2025-12-12,완료,해당없음(민간발주)
C0017,종료,4,갱신여부 판단,최법무,2025-12-17,2025-12-19,완료,
C0017,종료,5,계약종료처리,김구매,2025-12-19,2025-12-20,완료,
C0018,계약전,1,구매요청(PR) 등록,최법무,2025-07-23,2025-07-22,완료,
C0018,계약전,2,견적비교(RFQ),박계약,2025-07-25,2025-07-23,완료,
C0018,계약전,3,공급업체 선정,이조달,2025-07-27,2025-07-28,완료,
C0018,계약체결,1,계약서 초안 작성,김구매,2025-08-11,2025-08-13,완료,
C0018,계약체결,2,법무검토,최법무,2025-08-13,2025-08-12,완료,
C0018,계약체결,3,계약이행보증 가입확인,박계약,2025-08-15,2025-08-13,완료,가입완료
C0018,계약체결,4,선급금보증 가입확인,최법무,2025-08-17,2025-08-17,완료,가입완료
C0018,계약체결,5,날인/계약등록,정검수,2025-08-19,2025-08-17,완료,
C0018,이행,1,발주(PO) 발행,정검수,2026-01-07,2026-01-08,완료,
C0018,이행,2,납품/검수,김구매,2026-01-09,2026-01-10,완료,
C0018,이행,3,대금지급,이조달,2026-01-11,2026-01-11,완료,
C0018,종료,1,최종정산,정검수,2026-08-07,,진행중,
C0018,종료,2,하자보증기간 관리,김구매,2026-08-09,,진행중,
C0018,종료,3,실적증명서 수취,정검수,2026-08-08,2026-08-08,완료,해당없음(민간발주)
C0018,종료,4,갱신여부 판단,이조달,2026-08-13,,예정,
C0018,종료,5,계약종료처리,김구매,2026-08-15,,예정,
C0019,계약전,1,구매요청(PR) 등록,박계약,2025-11-18,2025-11-18,완료,
C0019,계약전,2,견적비교(RFQ),정검수,2025-11-20,2025-11-20,완료,
C0019,계약전,3,공급업체 선정,이조달,2025-11-22,2025-11-23,완료,
C0019,계약체결,1,계약서 초안 작성,정검수,2025-12-07,2025-12-06,완료,
C0019,계약체결,2,법무검토,정검수,2025-12-09,2025-12-08,완료,
C0019,계약체결,3,계약이행보증 가입확인,이조달,2025-12-11,2025-12-09,완료,면제(소액계약)
C0019,계약체결,4,선급금보증 가입확인,최법무,2025-12-13,2025-12-13,완료,가입완료
C0019,계약체결,5,날인/계약등록,정검수,2025-12-15,2025-12-15,완료,
C0019,이행,1,발주(PO) 발행,박계약,2026-03-25,2026-03-27,완료,
C0019,이행,2,납품/검수,최법무,2026-03-27,2026-03-25,완료,
C0019,이행,3,대금지급,이조달,2026-03-29,2026-03-31,완료,
C0019,종료,1,최종정산,김구매,2026-08-22,,예정,
C0019,종료,2,하자보증기간 관리,정검수,2026-08-24,,예정,
C0019,종료,3,실적증명서 수취,정검수,2026-08-23,2026-08-23,완료,해당없음(민간발주)
C0019,종료,4,갱신여부 판단,최법무,2026-08-28,,예정,
C0019,종료,5,계약종료처리,정검수,2026-08-30,,예정,
C0020,계약전,1,구매요청(PR) 등록,최법무,2025-11-05,2025-11-03,완료,
C0020,계약전,2,견적비교(RFQ),이조달,2025-11-07,2025-11-07,완료,
C0020,계약전,3,공급업체 선정,정검수,2025-11-09,2025-11-09,완료,
C0020,계약체결,1,계약서 초안 작성,이조달,2025-11-23,,지연,
C0020,계약체결,2,법무검토,김구매,2025-11-25,2025-11-26,완료,
C0020,계약체결,3,계약이행보증 가입확인,최법무,2025-11-27,2025-11-25,완료,가입완료
C0020,계약체결,4,선급금보증 가입확인,최법무,2025-11-29,2025-12-01,완료,가입완료
C0020,계약체결,5,날인/계약등록,김구매,2025-12-01,2025-11-29,완료,
C0020,이행,1,발주(PO) 발행,박계약,2026-03-26,,지연,
C0020,이행,2,납품/검수,정검수,2026-03-28,2026-03-30,완료,
C0020,이행,3,대금지급,박계약,2026-03-30,2026-03-31,완료,
C0020,종료,1,최종정산,김구매,2026-09-17,,예정,
C0020,종료,2,하자보증기간 관리,최법무,2026-09-19,,예정,
C0020,종료,3,실적증명서 수취,정검수,2026-09-18,2026-09-18,완료,해당없음(민간발주)
C0020,종료,4,갱신여부 판단,최법무,2026-09-23,,예정,
C0020,종료,5,계약종료처리,김구매,2026-09-25,,예정,
C0021,계약전,1,구매요청(PR) 등록,박계약,2025-08-28,2025-08-28,완료,
C0021,계약전,2,견적비교(RFQ),최법무,2025-08-30,2025-08-29,완료,
C0021,계약전,3,공급업체 선정,최법무,2025-09-01,2025-09-01,완료,
C0021,계약체결,1,계약서 초안 작성,최법무,2025-09-16,,지연,
C0021,계약체결,2,법무검토,김구매,2025-09-18,2025-09-18,완료,
C0021,계약체결,3,계약이행보증 가입확인,박계약,2025-09-20,2025-09-21,완료,가입완료
C0021,계약체결,4,선급금보증 가입확인,박계약,2025-09-22,2025-09-24,완료,가입완료
C0021,계약체결,5,날인/계약등록,정검수,2025-09-24,2025-09-22,완료,
C0021,이행,1,발주(PO) 발행,김구매,2026-02-17,,지연,
C0021,이행,2,납품/검수,정검수,2026-02-19,2026-02-19,완료,
C0021,이행,3,대금지급,최법무,2026-02-21,2026-02-22,완료,
C0021,종료,1,최종정산,정검수,2026-09-27,,예정,
C0021,종료,2,하자보증기간 관리,김구매,2026-09-29,,예정,
C0021,종료,3,실적증명서 수취,정검수,2026-10-01,,예정,
C0021,종료,4,갱신여부 판단,김구매,2026-10-03,,예정,
C0021,종료,5,계약종료처리,김구매,2026-10-05,,예정,
C0022,계약전,1,구매요청(PR) 등록,김구매,2026-04-14,2026-04-13,완료,
C0022,계약전,2,견적비교(RFQ),이조달,2026-04-16,2026-04-17,완료,
C0022,계약전,3,공급업체 선정,정검수,2026-04-18,2026-04-18,완료,
C0022,계약체결,1,계약서 초안 작성,이조달,2026-05-12,2026-05-14,완료,
C0022,계약체결,2,법무검토,김구매,2026-05-14,2026-05-14,완료,
C0022,계약체결,3,계약이행보증 가입확인,최법무,2026-05-16,2026-05-16,완료,가입완료
C0022,계약체결,4,선급금보증 가입확인,박계약,2026-05-18,2026-05-19,완료,가입완료
C0022,계약체결,5,날인/계약등록,김구매,2026-05-20,2026-05-20,완료,
C0022,이행,1,발주(PO) 발행,김구매,2026-08-06,,진행중,
C0022,이행,2,납품/검수,정검수,2026-08-08,,진행중,
C0022,이행,3,대금지급,김구매,2026-08-10,,진행중,
C0022,종료,1,최종정산,김구매,2026-11-28,,예정,
C0022,종료,2,하자보증기간 관리,이조달,2026-11-30,,예정,
C0022,종료,3,실적증명서 수취,최법무,2026-11-29,2026-11-29,완료,해당없음(민간발주)
C0022,종료,4,갱신여부 판단,정검수,2026-12-04,,예정,
C0022,종료,5,계약종료처리,김구매,2026-12-06,,예정,
C0023,계약전,1,구매요청(PR) 등록,김구매,2025-12-15,2025-12-13,완료,
C0023,계약전,2,견적비교(RFQ),최법무,2025-12-17,2025-12-19,완료,
C0023,계약전,3,공급업체 선정,정검수,2025-12-19,2025-12-20,완료,
C0023,계약체결,1,계약서 초안 작성,이조달,2026-01-13,2026-01-11,완료,
C0023,계약체결,2,법무검토,최법무,2026-01-15,2026-01-13,완료,
C0023,계약체결,3,계약이행보증 가입확인,박계약,2026-01-17,2026-01-18,완료,가입완료
C0023,계약체결,4,선급금보증 가입확인,박계약,2026-01-19,2026-01-20,완료,가입완료
C0023,계약체결,5,날인/계약등록,박계약,2026-01-21,2026-01-20,완료,
C0023,이행,1,발주(PO) 발행,이조달,2026-06-25,2026-06-27,완료,
C0023,이행,2,납품/검수,최법무,2026-06-27,2026-06-29,완료,
C0023,이행,3,대금지급,정검수,2026-06-29,2026-06-29,완료,
C0023,종료,1,최종정산,이조달,2027-02-16,,예정,
C0023,종료,2,하자보증기간 관리,이조달,2027-02-18,,예정,
C0023,종료,3,실적증명서 수취,김구매,2027-02-17,2027-02-17,완료,해당없음(민간발주)
C0023,종료,4,갱신여부 판단,박계약,2027-02-22,,예정,
C0023,종료,5,계약종료처리,김구매,2027-02-24,,예정,
C0024,계약전,1,구매요청(PR) 등록,최법무,2026-06-16,2026-06-16,완료,
C0024,계약전,2,견적비교(RFQ),박계약,2026-06-18,2026-06-20,완료,
C0024,계약전,3,공급업체 선정,김구매,2026-06-20,2026-06-21,완료,
C0024,계약체결,1,계약서 초안 작성,박계약,2026-07-23,2026-07-21,완료,
C0024,계약체결,2,법무검토,최법무,2026-07-25,2026-07-26,완료,
C0024,계약체결,3,계약이행보증 가입확인,김구매,2026-07-27,2026-07-27,완료,가입완료
C0024,계약체결,4,선급금보증 가입확인,이조달,2026-07-25,2026-07-25,완료,해당없음(선급금 미지급)
C0024,계약체결,5,날인/계약등록,최법무,2026-07-31,,진행중,
C0024,이행,1,발주(PO) 발행,김구매,2026-11-09,,예정,
C0024,이행,2,납품/검수,박계약,2026-11-11,,예정,
C0024,이행,3,대금지급,박계약,2026-11-13,,예정,
C0024,종료,1,최종정산,이조달,2027-04-17,,예정,
C0024,종료,2,하자보증기간 관리,김구매,2027-04-19,,예정,
C0024,종료,3,실적증명서 수취,정검수,2027-04-18,2027-04-18,완료,해당없음(민간발주)
C0024,종료,4,갱신여부 판단,김구매,2027-04-23,,예정,
C0024,종료,5,계약종료처리,이조달,2027-04-25,,예정,
C0025,계약전,1,구매요청(PR) 등록,박계약,2026-05-03,2026-05-02,완료,
C0025,계약전,2,견적비교(RFQ),정검수,2026-05-05,2026-05-07,완료,
C0025,계약전,3,공급업체 선정,최법무,2026-05-07,2026-05-07,완료,
C0025,계약체결,1,계약서 초안 작성,정검수,2026-05-25,2026-05-24,완료,
C0025,계약체결,2,법무검토,최법무,2026-05-27,2026-05-26,완료,
C0025,계약체결,3,계약이행보증 가입확인,최법무,2026-05-29,2026-05-29,완료,가입완료
C0025,계약체결,4,선급금보증 가입확인,정검수,2026-05-27,2026-05-27,완료,해당없음(선급금 미지급)
C0025,계약체결,5,날인/계약등록,최법무,2026-06-02,2026-06-02,완료,
C0025,이행,1,발주(PO) 발행,정검수,2026-11-09,,예정,
C0025,이행,2,납품/검수,정검수,2026-11-11,,예정,
C0025,이행,3,대금지급,정검수,2026-11-13,,예정,
C0025,종료,1,최종정산,김구매,2027-07-06,,예정,
C0025,종료,2,하자보증기간 관리,정검수,2027-07-08,,예정,
C0025,종료,3,실적증명서 수취,김구매,2027-07-07,2027-07-07,완료,해당없음(민간발주)
C0025,종료,4,갱신여부 판단,박계약,2027-07-12,,예정,
C0025,종료,5,계약종료처리,정검수,2027-07-14,,예정,
C0026,계약전,1,구매요청(PR) 등록,이조달,2026-10-20,,예정,
C0026,계약전,2,견적비교(RFQ),최법무,2026-10-22,,예정,
C0026,계약전,3,공급업체 선정,정검수,2026-10-24,,예정,
C0026,계약체결,1,계약서 초안 작성,김구매,2026-11-21,,예정,
C0026,계약체결,2,법무검토,최법무,2026-11-23,,예정,
C0026,계약체결,3,계약이행보증 가입확인,이조달,2026-11-25,,예정,가입완료
C0026,계약체결,4,선급금보증 가입확인,김구매,2026-11-23,2026-11-23,완료,해당없음(선급금 미지급)
C0026,계약체결,5,날인/계약등록,최법무,2026-11-29,,예정,
C0026,이행,1,발주(PO) 발행,정검수,2027-03-18,,예정,
C0026,이행,2,납품/검수,김구매,2027-03-20,,예정,
C0026,이행,3,대금지급,이조달,2027-03-22,,예정,
C0026,종료,1,최종정산,정검수,2027-09-04,,예정,
C0026,종료,2,하자보증기간 관리,정검수,2027-09-06,,예정,
C0026,종료,3,실적증명서 수취,최법무,2027-09-05,2027-09-05,완료,해당없음(민간발주)
C0026,종료,4,갱신여부 판단,최법무,2027-09-10,,예정,
C0026,종료,5,계약종료처리,이조달,2027-09-12,,예정,
C0027,계약전,1,구매요청(PR) 등록,박계약,2027-05-01,,예정,
C0027,계약전,2,견적비교(RFQ),이조달,2027-05-03,,예정,
C0027,계약전,3,공급업체 선정,김구매,2027-05-05,,예정,
C0027,계약체결,1,계약서 초안 작성,최법무,2027-05-22,,예정,
C0027,계약체결,2,법무검토,김구매,2027-05-24,,예정,
C0027,계약체결,3,계약이행보증 가입확인,김구매,2027-05-26,,예정,가입완료
C0027,계약체결,4,선급금보증 가입확인,최법무,2027-05-24,2027-05-24,완료,해당없음(선급금 미지급)
C0027,계약체결,5,날인/계약등록,이조달,2027-05-30,,예정,
C0027,이행,1,발주(PO) 발행,최법무,2027-08-16,,예정,
C0027,이행,2,납품/검수,정검수,2027-08-18,,예정,
C0027,이행,3,대금지급,정검수,2027-08-20,,예정,
C0027,종료,1,최종정산,정검수,2027-12-13,,예정,
C0027,종료,2,하자보증기간 관리,이조달,2027-12-15,,예정,
C0027,종료,3,실적증명서 수취,이조달,2027-12-14,2027-12-14,완료,해당없음(민간발주)
C0027,종료,4,갱신여부 판단,김구매,2027-12-19,,예정,
C0027,종료,5,계약종료처리,이조달,2027-12-21,,예정,
